
-- phpMyAdmin SQL Dump
-- version 5.2.0
-- https://www.phpmyadmin.net/
--
-- Host: localhost
-- Generation Time: Oct 21, 2025
-- Server version: 10.4.27-MariaDB
-- PHP Version: 8.2.0

SET SQL_MODE = "NO_AUTO_VALUE_ON_ZERO";
START TRANSACTION;
SET time_zone = "+00:00";

/*!40101 SET @OLD_CHARACTER_SET_CLIENT=@@CHARACTER_SET_CLIENT */;
/*!40101 SET @OLD_CHARACTER_SET_RESULTS=@@CHARACTER_SET_RESULTS */;
/*!40101 SET @OLD_COLLATION_CONNECTION=@@COLLATION_CONNECTION */;
/*!40101 SET NAMES utf8mb4 */;

--
-- Database: `student_learning_db`
--

CREATE DATABASE IF NOT EXISTS `student_learning_db`;
USE `student_learning_db`;

-- --------------------------------------------------------
-- --------------------------------------------------------

--
-- Table structure for table `users`
--

CREATE TABLE `users` (
  `id` int(11) NOT NULL AUTO_INCREMENT,
  `name` varchar(30) NOT NULL,
  `city` VARCHAR(100) DEFAULT NULL,
  `email` varchar(50) NOT NULL,
  `password` varchar(60) NOT NULL,
  `created_at` timestamp NOT NULL DEFAULT current_timestamp(),
  `updated_at` timestamp NOT NULL DEFAULT current_timestamp() ON UPDATE current_timestamp(),
  PRIMARY KEY (`id`),
  UNIQUE KEY `email` (`email`)
) ENGINE=InnoDB DEFAULT CHARSET=utf8mb4 COLLATE=utf8mb4_general_ci;

-- --------------------------------------------------------

--
-- Table structure for table `modules`
--

CREATE TABLE `modules` (
  `id` int(11) NOT NULL AUTO_INCREMENT,
  `title` varchar(255) NOT NULL,
  `description` text DEFAULT NULL,
  `order_sequence` int(11) NOT NULL,
  `created_at` timestamp NOT NULL DEFAULT current_timestamp(),
  `updated_at` timestamp NOT NULL DEFAULT current_timestamp() ON UPDATE current_timestamp(),
  `hours_to_study` int(11) NOT NULL DEFAULT 0,
  PRIMARY KEY (`id`)
) ENGINE=InnoDB DEFAULT CHARSET=utf8mb4 COLLATE=utf8mb4_general_ci;

--
-- Table structure for table `chapters`
--

CREATE TABLE `chapters` (
  `id` int(11) NOT NULL AUTO_INCREMENT,
  `module_id` int(11) NOT NULL,
  `title` varchar(255) NOT NULL,
  `description` text DEFAULT NULL,
  `order_sequence` int(11) NOT NULL,
  `created_at` timestamp NOT NULL DEFAULT current_timestamp(),
  `updated_at` timestamp NOT NULL DEFAULT current_timestamp() ON UPDATE current_timestamp(),
  PRIMARY KEY (`id`),
  FOREIGN KEY (`module_id`) REFERENCES `modules`(`id`) ON DELETE CASCADE
) ENGINE=InnoDB DEFAULT CHARSET=utf8mb4 COLLATE=utf8mb4_general_ci;

--
-- Table structure for table `subchapters`
--

CREATE TABLE `subchapters` (
  `id` int(11) NOT NULL AUTO_INCREMENT,
  `module_id` int(11) NOT NULL,
  `chapter_id` int(11) NOT NULL,
  `title` varchar(255) NOT NULL,
  `content` longtext NOT NULL,
  `content_html` longtext NOT NULL,
  `content_css` text DEFAULT NULL,
  `is_editable` boolean DEFAULT false,
  `order_sequence` int(11) NOT NULL,
  `created_at` timestamp NOT NULL DEFAULT current_timestamp(),
  `updated_at` timestamp NOT NULL DEFAULT current_timestamp() ON UPDATE current_timestamp(),
  PRIMARY KEY (`id`),
  FOREIGN KEY (`module_id`) REFERENCES `modules`(`id`) ON DELETE CASCADE,
  FOREIGN KEY (`chapter_id`) REFERENCES `chapters`(`id`) ON DELETE CASCADE
) ENGINE=InnoDB DEFAULT CHARSET=utf8mb4 COLLATE=utf8mb4_general_ci;

-- --------------------------------------------------------

--
-- Table structure for table `user_module_progress`
--

CREATE TABLE `user_module_progress` (
  `id` int(11) NOT NULL AUTO_INCREMENT,
  `user_id` int(11) NOT NULL,
  `module_id` int(11) NOT NULL,
  `progress` int(11) NOT NULL DEFAULT 0,
  `status` enum('not_started','in_progress','completed') NOT NULL DEFAULT 'not_started',
  `created_at` timestamp NOT NULL DEFAULT current_timestamp(),
  `updated_at` timestamp NOT NULL DEFAULT current_timestamp() ON UPDATE current_timestamp(),
  PRIMARY KEY (`id`),
  UNIQUE KEY `user_module_unique` (`user_id`, `module_id`),
  FOREIGN KEY (`user_id`) REFERENCES `users` (`id`) ON DELETE CASCADE,
  FOREIGN KEY (`module_id`) REFERENCES `modules` (`id`) ON DELETE CASCADE
) ENGINE=InnoDB DEFAULT CHARSET=utf8mb4 COLLATE=utf8mb4_general_ci;

-- --------------------------------------------------------

--
-- Table structure for table `progress_history`
--

CREATE TABLE `progress_history` (
  `id` int(11) NOT NULL AUTO_INCREMENT,
  `user_id` int(11) NOT NULL,
  `percentage` int(11) NOT NULL DEFAULT 0,
  `created_at` timestamp NOT NULL DEFAULT current_timestamp(),
  PRIMARY KEY (`id`),
  FOREIGN KEY (`user_id`) REFERENCES `users` (`id`) ON DELETE CASCADE
) ENGINE=InnoDB DEFAULT CHARSET=utf8mb4 COLLATE=utf8mb4_general_ci;

--
-- Table structure for table `user_progress`
--

CREATE TABLE `user_progress` (
  `id` int(11) NOT NULL AUTO_INCREMENT,
  `user_id` int(11) NOT NULL,
  `subchapter_id` int(11) NOT NULL,
  `completed` tinyint(1) NOT NULL DEFAULT 0,
  `created_at` timestamp NOT NULL DEFAULT current_timestamp(),
  `updated_at` timestamp NOT NULL DEFAULT current_timestamp() ON UPDATE current_timestamp(),
  PRIMARY KEY (`id`),
  UNIQUE KEY `user_subchapter_unique` (`user_id`, `subchapter_id`),
  FOREIGN KEY (`user_id`) REFERENCES `users` (`id`) ON DELETE CASCADE,
  FOREIGN KEY (`subchapter_id`) REFERENCES `subchapters` (`id`) ON DELETE CASCADE
) ENGINE=InnoDB DEFAULT CHARSET=utf8mb4 COLLATE=utf8mb4_general_ci;

-- --------------------------------------------------------
-- Table structure for table `langganan`
-- --------------------------------------------------------

CREATE TABLE `langganan` (
  `id` INT(11) NOT NULL AUTO_INCREMENT,
  `user_id` INT(11) NOT NULL,
  `title` VARCHAR(200) NOT NULL,
  `deskripsi` TEXT,
  `status` ENUM('aktif', 'tidak_aktif') NOT NULL DEFAULT 'tidak_aktif',
  `valid_until` DATETIME DEFAULT NULL,
  `created_at` TIMESTAMP NOT NULL DEFAULT CURRENT_TIMESTAMP,
  `updated_at` TIMESTAMP NOT NULL DEFAULT CURRENT_TIMESTAMP ON UPDATE CURRENT_TIMESTAMP,
  PRIMARY KEY (`id`),
  FOREIGN KEY (`user_id`) REFERENCES `users`(`id`) ON DELETE CASCADE
) ENGINE=InnoDB DEFAULT CHARSET=utf8mb4 COLLATE=utf8mb4_general_ci;

-- --------------------------------------------------------
-- Sample data
-- --------------------------------------------------------

INSERT INTO `users` (`name`, `city`, `email`, `password`)
VALUES ('firda', 'Depok', 'firda@example.com', '$2a$10$dummyhash');

INSERT INTO `langganan` (`user_id`, `title`, `deskripsi`, `status`, `valid_until`)
VALUES (1, 'Paket Premium', 'Akses penuh semua modul selama 30 hari', 'aktif', DATE_ADD(NOW(), INTERVAL 30 DAY));


-- --------------------------------------------------------

-- Learning Paths

CREATE TABLE `learning_paths` (
  `learning_path_id` INT(11) NOT NULL AUTO_INCREMENT,
  `learning_path_name` VARCHAR(255) NOT NULL,
  `created_at` TIMESTAMP NOT NULL DEFAULT CURRENT_TIMESTAMP,
  `updated_at` TIMESTAMP NOT NULL DEFAULT CURRENT_TIMESTAMP ON UPDATE CURRENT_TIMESTAMP,
  PRIMARY KEY (`learning_path_id`)
) ENGINE=InnoDB DEFAULT CHARSET=utf8mb4 COLLATE=utf8mb4_general_ci;

-- Data Modules
-- Relasi many-to-many antara learning_path dan modules
CREATE TABLE IF NOT EXISTS `learning_path_modules` (
  `learning_path_id` int(11) NOT NULL,
  `module_id` int(11) NOT NULL,
  PRIMARY KEY (`learning_path_id`, `module_id`),
  FOREIGN KEY (`learning_path_id`) REFERENCES `learning_paths`(`learning_path_id`) ON DELETE CASCADE,
  FOREIGN KEY (`module_id`) REFERENCES `modules`(`id`) ON DELETE CASCADE
) ENGINE=InnoDB DEFAULT CHARSET=utf8mb4 COLLATE=utf8mb4_general_ci;
INSERT INTO `learning_paths` (`learning_path_id`, `learning_path_name`) VALUES
(1, 'AI Engineer'),
(2, 'Android Developer'),
(3, 'Back-End Developer JavaScript'),
(4, 'Back-End Developer Python'),
(5, 'Data Scientist'),
(6, 'DevOps Engineer'),
(7, 'Front-End Web Developer'),
(8, 'Gen AI Engineer'),
(9, 'Google Cloud Professional'),
(10, 'iOS Developer'),
(11, 'MLOps Engineer'),
(12, 'Multi-Platform App Developer'),
(13, 'React Developer')
ON DUPLICATE KEY UPDATE `learning_path_name`=VALUES(`learning_path_name`);
-- Data modules baru, tanpa learning_path_id (relasi via learning_path_modules)
INSERT INTO `modules` (`title`, `description`, `order_sequence`, `hours_to_study`)
VALUES
('Belajar Dasar AI', 'Module untuk course Belajar Dasar AI', 1, 10),
('Belajar Fundamental Deep Learning', 'Module untuk course Belajar Fundamental Deep Learning', 2, 110),
('Belajar Machine Learning untuk Pemula', 'Module untuk course Belajar Machine Learning untuk Pemula', 3, 90),
('Machine Learning Terapan', 'Module untuk course Machine Learning Terapan', 4, 80),
('Membangun Proyek Deep Learning Tingkat Mahir', 'Module untuk course Membangun Proyek Deep Learning Tingkat Mahir', 5, 90),
('Memulai Pemrograman dengan Python', 'Module untuk course Memulai Pemrograman dengan Python', 6, 60),
('Belajar Fundamental Aplikasi Android', 'Module untuk course Belajar Fundamental Aplikasi Android', 7, 140),
('Belajar Membuat Aplikasi Android untuk Pemula', 'Module untuk course Belajar Membuat Aplikasi Android untuk Pemula', 8, 60),
('Belajar Pengembangan Aplikasi Android Intermediate', 'Module untuk course Belajar Pengembangan Aplikasi Android Intermediate', 9, 150),
('Belajar Prinsip Pemrograman SOLID', 'Module untuk course Belajar Prinsip Pemrograman SOLID', 10, 15),
('Memulai Pemrograman dengan Kotlin', 'Module untuk course Memulai Pemrograman dengan Kotlin', 11, 50),
('Menjadi Android Developer Expert', 'Module untuk course Menjadi Android Developer Expert', 12, 90),
('Architecting on AWS (Membangun Arsitektur Cloud di AWS)', 'Module untuk course Architecting on AWS (Membangun Arsitektur Cloud di AWS)', 13, 40),
('Belajar Back-End Pemula dengan JavaScript', 'Module untuk course Belajar Back-End Pemula dengan JavaScript', 14, 50),
('Belajar Dasar Cloud dan Gen AI di AWS', 'Module untuk course Belajar Dasar Cloud dan Gen AI di AWS', 15, 18),
('Belajar Dasar Pemrograman JavaScript', 'Module untuk course Belajar Dasar Pemrograman JavaScript', 16, 46),
('Belajar Fundamental Back-End dengan JavaScript', 'Module untuk course Belajar Fundamental Back-End dengan JavaScript', 17, 90),
('Menjadi Back-End Developer Expert dengan JavaScript', 'Module untuk course Menjadi Back-End Developer Expert dengan JavaScript', 18, 82),
('Menjadi Node.js Application Developer', 'Module untuk course Menjadi Node.js Application Developer', 19, 57),
('Belajar Back-End Pemula dengan Python', 'Module untuk course Belajar Back-End Pemula dengan Python', 20, 40),
('Belajar Dasar Google Cloud', 'Module untuk course Belajar Dasar Google Cloud', 21, 12),
('Belajar Fundamental Back-End dengan Python', 'Module untuk course Belajar Fundamental Back-End dengan Python', 22, 65),
('Memulai Pemrograman dengan Python', 'Module untuk course Memulai Pemrograman dengan Python', 23, 60),
('Menjadi Google Cloud Architect', 'Module untuk course Menjadi Google Cloud Architect', 24, 35),
('Menjadi Google Cloud Engineer', 'Module untuk course Menjadi Google Cloud Engineer', 25, 42),
('Belajar Analisis Data dengan Python', 'Module untuk course Belajar Analisis Data dengan Python', 26, 70),
('Belajar Dasar Data Science', 'Module untuk course Belajar Dasar Data Science', 27, 11),
('Belajar Dasar Structured Query Language (SQL)', 'Module untuk course Belajar Dasar Structured Query Language (SQL)', 28, 11),
('Belajar Machine Learning untuk Pemula', 'Module untuk course Belajar Machine Learning untuk Pemula', 29, 90),
('Belajar Matematika untuk Data Science', 'Module untuk course Belajar Matematika untuk Data Science', 30, 70),
('Belajar Penerapan Data Science', 'Module untuk course Belajar Penerapan Data Science', 31, 110),
('Memulai Pemrograman dengan Python', 'Module untuk course Memulai Pemrograman dengan Python', 32, 60),
('Belajar Dasar-Dasar DevOps', 'Module untuk course Belajar Dasar-Dasar DevOps', 33, 15),
('Belajar Implementasi CI/CD', 'Module untuk course Belajar Implementasi CI/CD', 34, 30),
('Belajar Jaringan Komputer untuk Pemula', 'Module untuk course Belajar Jaringan Komputer untuk Pemula', 35, 25),
('Belajar Membangun Arsitektur Microservices', 'Module untuk course Belajar Membangun Arsitektur Microservices', 36, 60),
('Menjadi Linux System Administrator', 'Module untuk course Menjadi Linux System Administrator', 37, 25),
('Belajar Dasar Pemrograman JavaScript', 'Module untuk course Belajar Dasar Pemrograman JavaScript', 38, 46),
('Belajar Dasar Pemrograman Web', 'Module untuk course Belajar Dasar Pemrograman Web', 39, 45),
('Belajar Fundamental Front-End Web Development', 'Module untuk course Belajar Fundamental Front-End Web Development', 40, 80),
('Belajar Membuat Front-End Web untuk Pemula', 'Module untuk course Belajar Membuat Front-End Web untuk Pemula', 41, 45),
('Belajar Pengembangan Web Intermediate', 'Module untuk course Belajar Pengembangan Web Intermediate', 42, 80),
('Belajar Dasar AI', 'Module untuk course Belajar Dasar AI', 43, 10),
('Belajar Fundamental Deep Learning', 'Module untuk course Belajar Fundamental Deep Learning', 44, 110),
('Belajar Machine Learning untuk Pemula', 'Module untuk course Belajar Machine Learning untuk Pemula', 45, 90),
('Memulai Pemrograman dengan Python', 'Module untuk course Memulai Pemrograman dengan Python', 46, 60),
('Prompt Engineering untuk Software Developer', 'Module untuk course Prompt Engineering untuk Software Developer', 47, 16),
('Belajar Dasar Google Cloud', 'Module untuk course Belajar Dasar Google Cloud', 48, 12),
('Belajar Dasar Pemrograman JavaScript', 'Module untuk course Belajar Dasar Pemrograman JavaScript', 49, 46),
('Belajar Membuat Aplikasi Back-End untuk Pemula dengan Google Cloud', 'Module untuk course Belajar Membuat Aplikasi Back-End untuk Pemula dengan Google Cloud', 50, 45),
('Menjadi Google Cloud Architect', 'Module untuk course Menjadi Google Cloud Architect', 51, 35),
('Menjadi Google Cloud Engineer', 'Module untuk course Menjadi Google Cloud Engineer', 52, 42),
('Belajar Fundamental Aplikasi iOS', 'Module untuk course Belajar Fundamental Aplikasi iOS', 53, 70),
('Belajar Membuat Aplikasi iOS untuk Pemula', 'Module untuk course Belajar Membuat Aplikasi iOS untuk Pemula', 54, 40),
('Belajar Prinsip Pemrograman SOLID', 'Module untuk course Belajar Prinsip Pemrograman SOLID', 55, 15),
('Memulai Pemrograman Dengan Swift', 'Module untuk course Memulai Pemrograman Dengan Swift', 56, 40),
('Menjadi iOS Developer Expert', 'Module untuk course Menjadi iOS Developer Expert', 57, 70),
('Belajar Dasar AI', 'Module untuk course Belajar Dasar AI', 58, 10),
('Belajar Fundamental Deep Learning', 'Module untuk course Belajar Fundamental Deep Learning', 59, 110),
('Belajar Machine Learning untuk Pemula', 'Module untuk course Belajar Machine Learning untuk Pemula', 60, 90),
('Machine Learning Operations (MLOps)', 'Module untuk course Machine Learning Operations (MLOps)', 61, 80),
('Membangun Sistem Machine Learning', 'Module untuk course Membangun Sistem Machine Learning', 62, 90),
('Memulai Pemrograman dengan Python', 'Module untuk course Memulai Pemrograman dengan Python', 63, 60),
('Belajar Fundamental Aplikasi Flutter', 'Module untuk course Belajar Fundamental Aplikasi Flutter', 64, 90),
('Belajar Membuat Aplikasi Flutter untuk Pemula', 'Module untuk course Belajar Membuat Aplikasi Flutter untuk Pemula', 65, 40),
('Belajar Pengembangan Aplikasi Flutter Intermediate', 'Module untuk course Belajar Pengembangan Aplikasi Flutter Intermediate', 66, 80),
('Belajar Prinsip Pemrograman SOLID', 'Module untuk course Belajar Prinsip Pemrograman SOLID', 67, 15),
('Memulai Pemrograman dengan Dart', 'Module untuk course Memulai Pemrograman dengan Dart', 68, 30),
('Menjadi Flutter Developer Expert', 'Module untuk course Menjadi Flutter Developer Expert', 69, 85),
('Belajar Dasar Pemrograman JavaScript', 'Module untuk course Belajar Dasar Pemrograman JavaScript', 70, 46),
('Belajar Dasar Pemrograman Web', 'Module untuk course Belajar Dasar Pemrograman Web', 71, 45),
('Belajar Fundamental Aplikasi Web dengan React', 'Module untuk course Belajar Fundamental Aplikasi Web dengan React', 72, 55),
('Belajar Membuat Aplikasi Web dengan React', 'Module untuk course Belajar Membuat Aplikasi Web dengan React', 73, 35),
('Belajar Membuat Front-End Web untuk Pemula', 'Module untuk course Belajar Membuat Front-End Web untuk Pemula', 74, 45),
('Menjadi React Web Developer Expert', 'Module untuk course Menjadi React Web Developer Expert', 75, 70);

-- Contoh pengisian learning_path_modules: hanya module yang relevan untuk tiap learning path
-- Misal: AI Engineer hanya module id 1-6, Android Developer hanya 7-12, dst
INSERT INTO `learning_path_modules` (`learning_path_id`, `module_id`) VALUES
(1,1),(1,2),(1,3),(1,4),(1,5),(1,6),
(2,7),(2,8),(2,9),(2,10),(2,11),(2,12),
(3,13),(3,14),(3,15),(3,16),(3,17),(3,18),(3,19),
(4,20),(4,21),(4,22),(4,23),(4,24),(4,25),
(5,26),(5,27),(5,28),(5,29),(5,30),(5,31),(5,32),
(6,33),(6,34),(6,35),(6,36),(6,37),
(7,38),(7,39),(7,40),(7,41),(7,42),
(8,43),(8,44),(8,45),(8,46),(8,47),
(9,48),(9,49),(9,50),(9,51),(9,52),
(10,53),(10,54),(10,55),(10,56),(10,57),
(11,58),(11,59),(11,60),(11,61),(11,62),(11,63),
(12,64),(12,65),(12,66),(12,67),(12,68),(12,69),
(13,70),(13,71),(13,72),(13,73),(13,74),(13,75);

--
-- Sample Data for chapters table
--

-- Generate chapters otomatis: 2 chapter per module (contoh untuk module_id 1-2)
INSERT INTO `chapters` (`module_id`, `title`, `description`, `order_sequence`) VALUES
(1, 'Mengenal Konsep Dasar', 'Pengenalan konsep utama pada modul ini', 1),
(1, 'Penerapan Praktis', 'Studi kasus dan latihan pada modul ini', 2),
(2, 'Struktur dan Sintaks', 'Dasar-dasar struktur dan sintaks', 1),
(2, 'Membuat Proyek Sederhana', 'Latihan membuat proyek', 2),
(3, 'Dasar-dasar Machine Learning', 'Pengenalan konsep utama Machine Learning pada modul ini.', 1),
(3, 'Praktik Machine Learning Pemula', 'Studi kasus dan latihan penerapan Machine Learning pada modul ini.', 2),
(4, 'Konsep Machine Learning Terapan', 'Pengenalan konsep utama Machine Learning Terapan pada modul ini.', 1),
(4, 'Implementasi Machine Learning Terapan', 'Studi kasus dan latihan penerapan Machine Learning Terapan pada modul ini.', 2),
(5, 'Konsep Proyek Deep Learning Tingkat Mahir', 'Pengenalan konsep utama Proyek Deep Learning Mahir pada modul ini.', 1),
(5, 'Membangun Proyek Deep Learning Tingkat Mahir', 'Studi kasus dan latihan penerapan Proyek Deep Learning Mahir pada modul ini.', 2),
(6, 'Pengenalan Pemrograman dengan Python', 'Pengenalan konsep utama Pemrograman Python pada modul ini.', 1),
(6, 'Latihan Dasar Python', 'Studi kasus dan latihan penerapan Pemrograman Python pada modul ini.', 2),
(7, 'Konsep Fundamental Aplikasi Android', 'Pengenalan konsep utama Aplikasi Android Fundamental pada modul ini.', 1),
(7, 'Pengembangan Fundamental Aplikasi Android', 'Studi kasus dan latihan penerapan Aplikasi Android Fundamental pada modul ini.', 2),
(8, 'Membangun Aplikasi Android untuk Pemula', 'Pengenalan konsep utama Aplikasi Android Pemula pada modul ini.', 1),
(8, 'Latihan Membuat Aplikasi Android', 'Studi kasus dan latihan penerapan Aplikasi Android Pemula pada modul ini.', 2),
(9, 'Konsep Pengembangan Aplikasi Android Intermediate', 'Pengenalan konsep utama Aplikasi Android Intermediate pada modul ini.', 1),
(9, 'Praktik Pengembangan Aplikasi Android Intermediate', 'Studi kasus dan latihan penerapan Aplikasi Android Intermediate pada modul ini.', 2),
(10, 'Mengenal Prinsip Pemrograman SOLID', 'Pengenalan konsep utama Prinsip SOLID pada modul ini.', 1),
(10, 'Penerapan Prinsip SOLID dalam Kode', 'Studi kasus dan latihan penerapan Prinsip SOLID pada modul ini.', 2),
(11, 'Pengenalan Pemrograman dengan Kotlin', 'Pengenalan konsep utama Pemrograman Kotlin pada modul ini.', 1),
(11, 'Latihan Dasar Kotlin', 'Studi kasus dan latihan penerapan Pemrograman Kotlin pada modul ini.', 2),
(12, 'Strategi Menjadi Android Developer Expert', 'Pengenalan konsep utama Android Developer Expert pada modul ini.', 1),
(12, 'Studi Kasus Proyek Android Expert', 'Studi kasus dan latihan penerapan Android Developer Expert pada modul ini.', 2),
(13, 'Dasar Arsitektur Cloud di AWS', 'Pengenalan konsep utama Arsitektur Cloud AWS pada modul ini.', 1),
(13, 'Implementasi Arsitektur Cloud AWS', 'Studi kasus dan latihan penerapan Arsitektur Cloud AWS pada modul ini.', 2),
(14, 'Pengenalan Back-End Pemula dengan JavaScript', 'Pengenalan konsep utama Back-End JavaScript Pemula pada modul ini.', 1),
(14, 'Latihan Back-End JavaScript Pemula', 'Studi kasus dan latihan penerapan Back-End JavaScript Pemula pada modul ini.', 2),
(15, 'Dasar Cloud dan Gen AI di AWS', 'Pengenalan konsep utama Cloud & Gen AI AWS pada modul ini.', 1),
(15, 'Penerapan Cloud dan Gen AI di AWS', 'Studi kasus dan latihan penerapan Cloud & Gen AI AWS pada modul ini.', 2),
(16, 'Pengenalan Dasar Pemrograman JavaScript', 'Pengenalan konsep utama Dasar JavaScript pada modul ini.', 1),
(16, 'Latihan Dasar JavaScript', 'Studi kasus dan latihan penerapan Dasar JavaScript pada modul ini.', 2),
(17, 'Konsep Fundamental Back-End dengan JavaScript', 'Pengenalan konsep utama Fundamental Back-End JavaScript pada modul ini.', 1),
(17, 'Praktik Fundamental Back-End JavaScript', 'Studi kasus dan latihan penerapan Fundamental Back-End JavaScript pada modul ini.', 2),
(18, 'Strategi Menjadi Back-End Developer JavaScript Expert', 'Pengenalan konsep utama Back-End Developer JavaScript Expert pada modul ini.', 1),
(18, 'Proyek Back-End Developer JavaScript Expert', 'Studi kasus dan latihan penerapan Back-End Developer JavaScript Expert pada modul ini.', 2),
(19, 'Membangun Aplikasi dengan Node.js', 'Pengenalan konsep utama Node.js Application Developer pada modul ini.', 1),
(19, 'Latihan Proyek Node.js', 'Studi kasus dan latihan penerapan Node.js Application Developer pada modul ini.', 2),
(20, 'Pengenalan Back-End Pemula dengan Python', 'Pengenalan konsep utama Back-End Python Pemula pada modul ini.', 1),
(20, 'Latihan Back-End Python Pemula', 'Studi kasus dan latihan penerapan Back-End Python Pemula pada modul ini.', 2),
(21, 'Pengenalan Dasar Google Cloud', 'Pengenalan konsep utama Dasar Google Cloud pada modul ini.', 1),
(21, 'Eksplorasi Layanan Dasar Google Cloud', 'Studi kasus dan latihan penerapan Dasar Google Cloud pada modul ini.', 2),
(22, 'Konsep Fundamental Back-End dengan Python', 'Pengenalan konsep utama Fundamental Back-End Python pada modul ini.', 1),
(22, 'Praktik Fundamental Back-End Python', 'Studi kasus dan latihan penerapan Fundamental Back-End Python pada modul ini.', 2),
(23, 'Pengenalan Pemrograman dengan Python', 'Pengenalan konsep utama Pemrograman Python pada modul ini.', 1),
(23, 'Latihan Dasar Python', 'Studi kasus dan latihan penerapan Pemrograman Python pada modul ini.', 2),
(24, 'Strategi Menjadi Google Cloud Architect', 'Pengenalan konsep utama Google Cloud Architect pada modul ini.', 1),
(24, 'Studi Kasus Google Cloud Architect', 'Studi kasus dan latihan penerapan Google Cloud Architect pada modul ini.', 2),
(25, 'Strategi Menjadi Google Cloud Engineer', 'Pengenalan konsep utama Google Cloud Engineer pada modul ini.', 1),
(25, 'Latihan Proyek Google Cloud Engineer', 'Studi kasus dan latihan penerapan Google Cloud Engineer pada modul ini.', 2),
(26, 'Dasar Analisis Data dengan Python', 'Pengenalan konsep utama Analisis Data Python pada modul ini.', 1),
(26, 'Praktik Analisis Data dengan Python', 'Studi kasus dan latihan penerapan Analisis Data Python pada modul ini.', 2),
(27, 'Pengenalan Dasar Data Science', 'Pengenalan konsep utama Dasar Data Science pada modul ini.', 1),
(27, 'Konsep Kunci Data Science', 'Studi kasus dan latihan penerapan Dasar Data Science pada modul ini.', 2),
(28, 'Pengenalan Structured Query Language (SQL)', 'Pengenalan konsep utama Dasar SQL pada modul ini.', 1),
(28, 'Latihan Dasar SQL', 'Studi kasus dan latihan penerapan Dasar SQL pada modul ini.', 2),
(29, 'Dasar-dasar Machine Learning untuk Pemula', 'Pengenalan konsep utama Machine Learning Pemula pada modul ini.', 1),
(29, 'Praktik Machine Learning Pemula', 'Studi kasus dan latihan penerapan Machine Learning Pemula pada modul ini.', 2),
(30, 'Konsep Matematika untuk Data Science', 'Pengenalan konsep utama Matematika Data Science pada modul ini.', 1),
(30, 'Aplikasi Matematika dalam Data Science', 'Studi kasus dan latihan penerapan Matematika Data Science pada modul ini.', 2),
(31, 'Strategi Penerapan Data Science', 'Pengenalan konsep utama Penerapan Data Science pada modul ini.', 1),
(31, 'Proyek Penerapan Data Science', 'Studi kasus dan latihan penerapan Penerapan Data Science pada modul ini.', 2),
(32, 'Pengenalan Pemrograman dengan Python', 'Pengenalan konsep utama Pemrograman Python pada modul ini.', 1),
(32, 'Latihan Dasar Python', 'Studi kasus dan latihan penerapan Pemrograman Python pada modul ini.', 2),
(33, 'Mengenal Dasar-Dasar DevOps', 'Pengenalan konsep utama Dasar DevOps pada modul ini.', 1),
(33, 'Prinsip dan Filosofi DevOps', 'Studi kasus dan latihan penerapan Dasar DevOps pada modul ini.', 2),
(34, 'Konsep Implementasi CI/CD', 'Pengenalan konsep utama Implementasi CI/CD pada modul ini.', 1),
(34, 'Praktik Implementasi CI/CD', 'Studi kasus dan latihan penerapan Implementasi CI/CD pada modul ini.', 2),
(35, 'Dasar Jaringan Komputer untuk Pemula', 'Pengenalan konsep utama Jaringan Komputer pada modul ini.', 1),
(35, 'Protokol dan Komponen Jaringan', 'Studi kasus dan latihan penerapan Jaringan Komputer pada modul ini.', 2),
(36, 'Membangun Arsitektur Microservices', 'Pengenalan konsep utama Arsitektur Microservices pada modul ini.', 1),
(36, 'Desain dan Implementasi Microservices', 'Studi kasus dan latihan penerapan Arsitektur Microservices pada modul ini.', 2),
(37, 'Dasar Linux System Administration', 'Pengenalan konsep utama Linux System Administrator pada modul ini.', 1),
(37, 'Manajemen Sistem Linux', 'Studi kasus dan latihan penerapan Linux System Administrator pada modul ini.', 2),
(38, 'Pengenalan Dasar Pemrograman JavaScript', 'Pengenalan konsep utama Dasar JavaScript pada modul ini.', 1),
(38, 'Latihan Dasar JavaScript', 'Studi kasus dan latihan penerapan Dasar JavaScript pada modul ini.', 2),
(39, 'Pengenalan Dasar Pemrograman Web', 'Pengenalan konsep utama Dasar Pemrograman Web pada modul ini.', 1),
(39, 'Komponen Dasar Pemrograman Web', 'Studi kasus dan latihan penerapan Dasar Pemrograman Web pada modul ini.', 2),
(40, 'Konsep Fundamental Front-End Web Development', 'Pengenalan konsep utama Fundamental Front-End Web pada modul ini.', 1),
(40, 'Praktik Fundamental Front-End Web', 'Studi kasus dan latihan penerapan Fundamental Front-End Web pada modul ini.', 2),
(41, 'Membangun Front-End Web untuk Pemula', 'Pengenalan konsep utama Front-End Web Pemula pada modul ini.', 1),
(41, 'Latihan Front-End Web Pemula', 'Studi kasus dan latihan penerapan Front-End Web Pemula pada modul ini.', 2),
(42, 'Konsep Pengembangan Web Intermediate', 'Pengenalan konsep utama Pengembangan Web Intermediate pada modul ini.', 1),
(42, 'Praktik Pengembangan Web Intermediate', 'Studi kasus dan latihan penerapan Pengembangan Web Intermediate pada modul ini.', 2),
(43, 'Mengenal Konsep Dasar AI', 'Pengenalan konsep utama AI pada modul ini.', 1),
(43, 'Penerapan Praktis AI', 'Studi kasus dan latihan penerapan AI pada modul ini.', 2),
(44, 'Mengenal Fundamental Deep Learning', 'Pengenalan konsep utama Deep Learning pada modul ini.', 1),
(44, 'Penerapan Deep Learning', 'Studi kasus dan latihan penerapan Deep Learning pada modul ini.', 2),
(45, 'Dasar-dasar Machine Learning untuk Pemula', 'Pengenalan konsep utama Machine Learning Pemula pada modul ini.', 1),
(45, 'Praktik Machine Learning Pemula', 'Studi kasus dan latihan penerapan Machine Learning Pemula pada modul ini.', 2),
(46, 'Pengenalan Pemrograman dengan Python', 'Pengenalan konsep utama Pemrograman Python pada modul ini.', 1),
(46, 'Latihan Dasar Python', 'Studi kasus dan latihan penerapan Pemrograman Python pada modul ini.', 2),
(47, 'Dasar Prompt Engineering', 'Pengenalan konsep utama Prompt Engineering pada modul ini.', 1),
(47, 'Teknik dan Praktik Prompt Engineering', 'Studi kasus dan latihan penerapan Prompt Engineering pada modul ini.', 2),
(48, 'Pengenalan Dasar Google Cloud', 'Pengenalan konsep utama Dasar Google Cloud pada modul ini.', 1),
(48, 'Eksplorasi Layanan Dasar Google Cloud', 'Studi kasus dan latihan penerapan Dasar Google Cloud pada modul ini.', 2),
(49, 'Pengenalan Dasar Pemrograman JavaScript', 'Pengenalan konsep utama Dasar JavaScript pada modul ini.', 1),
(49, 'Latihan Dasar JavaScript', 'Studi kasus dan latihan penerapan Dasar JavaScript pada modul ini.', 2),
(50, 'Membangun Back-End Pemula dengan Google Cloud', 'Pengenalan konsep utama Back-End Google Cloud Pemula pada modul ini.', 1),
(50, 'Latihan Proyek Back-End Google Cloud', 'Studi kasus dan latihan penerapan Back-End Google Cloud Pemula pada modul ini.', 2),
(51, 'Strategi Menjadi Google Cloud Architect', 'Pengenalan konsep utama Google Cloud Architect pada modul ini.', 1),
(51, 'Studi Kasus Google Cloud Architect', 'Studi kasus dan latihan penerapan Google Cloud Architect pada modul ini.', 2),
(52, 'Strategi Menjadi Google Cloud Engineer', 'Pengenalan konsep utama Google Cloud Engineer pada modul ini.', 1),
(52, 'Latihan Proyek Google Cloud Engineer', 'Studi kasus dan latihan penerapan Google Cloud Engineer pada modul ini.', 2),
(53, 'Konsep Fundamental Aplikasi iOS', 'Pengenalan konsep utama Aplikasi iOS Fundamental pada modul ini.', 1),
(53, 'Pengembangan Fundamental Aplikasi iOS', 'Studi kasus dan latihan penerapan Aplikasi iOS Fundamental pada modul ini.', 2),
(54, 'Membangun Aplikasi iOS untuk Pemula', 'Pengenalan konsep utama Aplikasi iOS Pemula pada modul ini.', 1),
(54, 'Latihan Membuat Aplikasi iOS', 'Studi kasus dan latihan penerapan Aplikasi iOS Pemula pada modul ini.', 2),
(55, 'Mengenal Prinsip Pemrograman SOLID', 'Pengenalan konsep utama Prinsip SOLID pada modul ini.', 1),
(55, 'Penerapan Prinsip SOLID dalam Kode', 'Studi kasus dan latihan penerapan Prinsip SOLID pada modul ini.', 2),
(56, 'Pengenalan Pemrograman Dengan Swift', 'Pengenalan konsep utama Pemrograman Swift pada modul ini.', 1),
(56, 'Latihan Dasar Swift', 'Studi kasus dan latihan penerapan Pemrograman Swift pada modul ini.', 2),
(57, 'Strategi Pengembangan iOS Expert', 'Pengenalan konsep utama iOS Developer Expert pada modul ini.', 1),
(57, 'Studi Kasus Proyek iOS Expert', 'Studi kasus dan latihan penerapan iOS Developer Expert pada modul ini.', 2),
(58, 'Mengenal Konsep Dasar AI', 'Pengenalan konsep utama AI pada modul ini.', 1),
(58, 'Penerapan Praktis AI', 'Studi kasus dan latihan penerapan AI pada modul ini.', 2),
(59, 'Mengenal Fundamental Deep Learning', 'Pengenalan konsep utama Deep Learning pada modul ini.', 1),
(59, 'Penerapan Deep Learning', 'Studi kasus dan latihan penerapan Deep Learning pada modul ini.', 2),
(60, 'Dasar-dasar Machine Learning untuk Pemula', 'Pengenalan konsep utama Machine Learning Pemula pada modul ini.', 1),
(60, 'Praktik Machine Learning Pemula', 'Studi kasus dan latihan penerapan Machine Learning Pemula pada modul ini.', 2),
(61, 'Konsep Machine Learning Operations (MLOps)', 'Pengenalan konsep utama MLOps pada modul ini.', 1),
(61, 'Implementasi MLOps', 'Studi kasus dan latihan penerapan MLOps pada modul ini.', 2),
(62, 'Membangun Sistem Machine Learning', 'Pengenalan konsep utama Sistem Machine Learning pada modul ini.', 1),
(62, 'Arsitektur dan Integrasi Sistem Machine Learning', 'Studi kasus dan latihan penerapan Sistem Machine Learning pada modul ini.', 2),
(63, 'Pengenalan Pemrograman dengan Python', 'Pengenalan konsep utama Pemrograman Python pada modul ini.', 1),
(63, 'Latihan Dasar Python', 'Studi kasus dan latihan penerapan Pemrograman Python pada modul ini.', 2),
(64, 'Konsep Fundamental Aplikasi Flutter', 'Pengenalan konsep utama Aplikasi Flutter Fundamental pada modul ini.', 1),
(64, 'Pengembangan Fundamental Aplikasi Flutter', 'Studi kasus dan latihan penerapan Aplikasi Flutter Fundamental pada modul ini.', 2),
(65, 'Membangun Aplikasi Flutter untuk Pemula', 'Pengenalan konsep utama Aplikasi Flutter Pemula pada modul ini.', 1),
(65, 'Latihan Membuat Aplikasi Flutter', 'Studi kasus dan latihan penerapan Aplikasi Flutter Pemula pada modul ini.', 2),
(66, 'Konsep Pengembangan Aplikasi Flutter Intermediate', 'Pengenalan konsep utama Aplikasi Flutter Intermediate pada modul ini.', 1),
(66, 'Praktik Pengembangan Aplikasi Flutter Intermediate', 'Studi kasus dan latihan penerapan Aplikasi Flutter Intermediate pada modul ini.', 2),
(67, 'Mengenal Prinsip Pemrograman SOLID', 'Pengenalan konsep utama Prinsip SOLID pada modul ini.', 1),
(67, 'Penerapan Prinsip SOLID dalam Kode', 'Studi kasus dan latihan penerapan Prinsip SOLID pada modul ini.', 2),
(68, 'Pengenalan Pemrograman dengan Dart', 'Pengenalan konsep utama Pemrograman Dart pada modul ini.', 1),
(68, 'Latihan Dasar Dart', 'Studi kasus dan latihan penerapan Pemrograman Dart pada modul ini.', 2),
(69, 'Strategi Pengembangan Flutter Expert', 'Pengenalan konsep utama Flutter Developer Expert pada modul ini.', 1),
(69, 'Studi Kasus Proyek Flutter Expert', 'Studi kasus dan latihan penerapan Flutter Developer Expert pada modul ini.', 2),
(70, 'Pengenalan Dasar Pemrograman JavaScript', 'Pengenalan konsep utama Dasar JavaScript pada modul ini.', 1),
(70, 'Latihan Dasar JavaScript', 'Studi kasus dan latihan penerapan Dasar JavaScript pada modul ini.', 2),
(71, 'Pengenalan Dasar Pemrograman Web', 'Pengenalan konsep utama Dasar Pemrograman Web pada modul ini.', 1),
(71, 'Komponen Dasar Pemrograman Web', 'Studi kasus dan latihan penerapan Dasar Pemrograman Web pada modul ini.', 2),
(72, 'Konsep Fundamental Aplikasi Web dengan React', 'Pengenalan konsep utama Aplikasi Web React Fundamental pada modul ini.', 1),
(72, 'Pengembangan Fundamental Aplikasi Web dengan React', 'Studi kasus dan latihan penerapan Aplikasi Web React Fundamental pada modul ini.', 2),
(73, 'Membangun Aplikasi Web dengan React', 'Pengenalan konsep utama Aplikasi Web dengan React pada modul ini.', 1),
(73, 'Latihan Proyek Aplikasi Web dengan React', 'Studi kasus dan latihan penerapan Aplikasi Web dengan React pada modul ini.', 2),
(74, 'Membangun Front-End Web untuk Pemula', 'Pengenalan konsep utama Front-End Web Pemula pada modul ini.', 1),
(74, 'Latihan Front-End Web Pemula', 'Studi kasus dan latihan penerapan Front-End Web Pemula pada modul ini.', 2),
(75, 'Strategi Menjadi React Web Developer Expert', 'Pengenalan konsep utama React Web Developer Expert pada modul ini.', 1),
(75, 'Proyek React Web Developer Expert', 'Studi kasus dan latihan penerapan React Web Developer Expert pada modul ini.', 2);
--
-- Sample Data for subchapters table
--

-- Generate subchapters otomatis: 2 subchapter per chapter, dengan materi HTML dummy (contoh untuk module_id 1-2)
INSERT INTO `subchapters` (`module_id`, `chapter_id`, `title`, `content`, `content_html`, `content_css`, `order_sequence`) VALUES
(1, 1, 'Pengantar Konsep', 'Materi pengantar konsep dasar.',
'<div class="content"><h1>Pengantar Konsep Dasar</h1><p>Lorem ipsum dolor sit amet, consectetur adipiscing elit. Integer nec odio. Praesent libero. Sed cursus ante dapibus diam.</p><ul><li>Definisi konsep</li><li>Manfaat</li><li>Contoh sederhana</li></ul></div>',
'.content { padding: 20px; line-height: 1.6; } .content h1 { color: #2c3e50; margin-bottom: 20px; } .content ul { margin-left: 20px; } .content li { margin: 10px 0; }',
1),
(1, 1, 'Studi Kasus Konsep', 'Studi kasus penerapan konsep.',
'<div class="content"><h2>Studi Kasus Konsep</h2><p>Lorem ipsum dolor sit amet, consectetur adipiscing elit. Aenean commodo ligula eget dolor. Aenean massa.</p><ol><li>Kasus 1</li><li>Kasus 2</li></ol></div>',
'.content { padding: 20px; } .content h2 { color: #34495e; } .content ol { margin: 20px 0; } .content li { margin: 10px 0; }',
2),
(1, 2, 'Pengantar Praktis', 'Materi pengantar praktik.',
'<div class="content"><h1>Pengantar Praktis</h1><p>Lorem ipsum dolor sit amet, consectetur adipiscing elit. Integer nec odio. Praesent libero. Sed cursus ante dapibus diam.</p></div>',
'.content { padding: 20px; } .content h1 { color: #2c3e50; }',
1),
(1, 2, 'Latihan Praktis', 'Latihan dan tugas praktik.',
'<div class="content"><h2>Latihan Praktis</h2><p>Lorem ipsum dolor sit amet, consectetur adipiscing elit. Aenean commodo ligula eget dolor. Aenean massa.</p></div>',
'.content { padding: 20px; } .content h2 { color: #34495e; }',
2),
(2, 3, 'Struktur Dasar', 'Materi struktur dasar.',
'<div class="content"><h1>Struktur Dasar</h1><p>Lorem ipsum dolor sit amet, consectetur adipiscing elit. Integer nec odio. Praesent libero. Sed cursus ante dapibus diam.</p></div>',
'.content { padding: 20px; } .content h1 { color: #2c3e50; }',
1),
(2, 3, 'Sintaks Dasar', 'Materi sintaks dasar.',
'<div class="content"><h2>Sintaks Dasar</h2><p>Lorem ipsum dolor sit amet, consectetur adipiscing elit. Aenean commodo ligula eget dolor. Aenean massa.</p></div>',
'.content { padding: 20px; } .content h2 { color: #34495e; }',
2),
(2, 4, 'Pengantar Proyek', 'Pengantar membuat proyek.',
'<div class="content"><h1>Pengantar Proyek</h1><p>Lorem ipsum dolor sit amet, consectetur adipiscing elit. Integer nec odio. Praesent libero. Sed cursus ante dapibus diam.</p></div>',
'.content { padding: 20px; } .content h1 { color: #2c3e50; }',
1),
(2, 4, 'Latihan Proyek', 'Latihan membuat proyek.',
'<div class="content"><h2>Latihan Proyek</h2><p>Lorem ipsum dolor sit amet, consectetur adipiscing elit. Aenean commodo ligula eget dolor. Aenean massa.</p></div>',
'.content { padding: 20px; } .content h2 { color: #34495e; }',
2),
(3, 5, 'Pengantar Konsep Machine Learning', 'Materi pengantar konsep dasar Machine Learning.',
'<div class="content"><h1>Pengantar Konsep Machine Learning</h1><p>Lorem ipsum dolor sit amet, consectetur adipiscing elit. Integer nec odio. Praesent libero. Sed cursus ante dapibus diam.</p><ul><li>Definisi Machine Learning</li><li>Manfaat</li><li>Contoh sederhana</li></ul></div>',
'.content { padding: 20px; line-height: 1.6; } .content h1 { color: #2c3e50; margin-bottom: 20px; } .content ul { margin-left: 20px; } .content li { margin: 10px 0; }',
1),
(3, 5, 'Studi Kasus Machine Learning', 'Studi kasus penerapan Machine Learning.',
'<div class="content"><h2>Studi Kasus Machine Learning</h2><p>Lorem ipsum dolor sit amet, consectetur adipiscing elit. Aenean commodo ligula eget dolor. Aenean massa.</p><ol><li>Kasus 1 Machine Learning</li><li>Kasus 2 Machine Learning</li></ol></div>',
'.content { padding: 20px; } .content h2 { color: #34495e; } .content ol { margin: 20px 0; } .content li { margin: 10px 0; }',
2),
(3, 6, 'Pengantar Praktis Machine Learning', 'Materi pengantar praktik Machine Learning.',
'<div class="content"><h1>Pengantar Praktis Machine Learning</h1><p>Lorem ipsum dolor sit amet, consectetur adipiscing elit. Integer nec odio. Praesent libero. Sed cursus ante dapibus diam.</p></div>',
'.content { padding: 20px; } .content h1 { color: #2c3e50; }',
1),
(3, 6, 'Latihan Praktis Machine Learning', 'Latihan dan tugas praktik Machine Learning.',
'<div class="content"><h2>Latihan Praktis Machine Learning</h2><p>Lorem ipsum dolor sit amet, consectetur adipiscing elit. Aenean commodo ligula eget dolor. Aenean massa.</p></div>',
'.content { padding: 20px; } .content h2 { color: #34495e; }',
2),
(4, 7, 'Pengantar Konsep Machine Learning Terapan', 'Materi pengantar konsep dasar Machine Learning Terapan.',
'<div class="content"><h1>Pengantar Konsep Machine Learning Terapan</h1><p>Lorem ipsum dolor sit amet, consectetur adipiscing elit. Integer nec odio. Praesent libero. Sed cursus ante dapibus diam.</p><ul><li>Definisi Machine Learning Terapan</li><li>Manfaat</li><li>Contoh sederhana</li></ul></div>',
'.content { padding: 20px; line-height: 1.6; } .content h1 { color: #2c3e50; margin-bottom: 20px; } .content ul { margin-left: 20px; } .content li { margin: 10px 0; }',
1),
(4, 7, 'Studi Kasus Machine Learning Terapan', 'Studi kasus penerapan Machine Learning Terapan.',
'<div class="content"><h2>Studi Kasus Machine Learning Terapan</h2><p>Lorem ipsum dolor sit amet, consectetur adipiscing elit. Aenean commodo ligula eget dolor. Aenean massa.</p><ol><li>Kasus 1 Machine Learning Terapan</li><li>Kasus 2 Machine Learning Terapan</li></ol></div>',
'.content { padding: 20px; } .content h2 { color: #34495e; } .content ol { margin: 20px 0; } .content li { margin: 10px 0; }',
2),
(4, 8, 'Pengantar Praktis Machine Learning Terapan', 'Materi pengantar praktik Machine Learning Terapan.',
'<div class="content"><h1>Pengantar Praktis Machine Learning Terapan</h1><p>Lorem ipsum dolor sit amet, consectetur adipiscing elit. Integer nec odio. Praesent libero. Sed cursus ante dapibus diam.</p></div>',
'.content { padding: 20px; } .content h1 { color: #2c3e50; }',
1),
(4, 8, 'Latihan Praktis Machine Learning Terapan', 'Latihan dan tugas praktik Machine Learning Terapan.',
'<div class="content"><h2>Latihan Praktis Machine Learning Terapan</h2><p>Lorem ipsum dolor sit amet, consectetur adipiscing elit. Aenean commodo ligula eget dolor. Aenean massa.</p></div>',
'.content { padding: 20px; } .content h2 { color: #34495e; }',
2),
(5, 9, 'Pengantar Konsep Proyek Deep Learning Mahir', 'Materi pengantar konsep dasar Proyek Deep Learning Mahir.',
'<div class="content"><h1>Pengantar Konsep Proyek Deep Learning Mahir</h1><p>Lorem ipsum dolor sit amet, consectetur adipiscing elit. Integer nec odio. Praesent libero. Sed cursus ante dapibus diam.</p><ul><li>Definisi Proyek Deep Learning Mahir</li><li>Manfaat</li><li>Contoh sederhana</li></ul></div>',
'.content { padding: 20px; line-height: 1.6; } .content h1 { color: #2c3e50; margin-bottom: 20px; } .content ul { margin-left: 20px; } .content li { margin: 10px 0; }',
1),
(5, 9, 'Studi Kasus Proyek Deep Learning Mahir', 'Studi kasus penerapan Proyek Deep Learning Mahir.',
'<div class="content"><h2>Studi Kasus Proyek Deep Learning Mahir</h2><p>Lorem ipsum dolor sit amet, consectetur adipiscing elit. Aenean commodo ligula eget dolor. Aenean massa.</p><ol><li>Kasus 1 Proyek Deep Learning Mahir</li><li>Kasus 2 Proyek Deep Learning Mahir</li></ol></div>',
'.content { padding: 20px; } .content h2 { color: #34495e; } .content ol { margin: 20px 0; } .content li { margin: 10px 0; }',
2),
(5, 10, 'Pengantar Praktis Proyek Deep Learning Mahir', 'Materi pengantar praktik Proyek Deep Learning Mahir.',
'<div class="content"><h1>Pengantar Praktis Proyek Deep Learning Mahir</h1><p>Lorem ipsum dolor sit amet, consectetur adipiscing elit. Integer nec odio. Praesent libero. Sed cursus ante dapibus diam.</p></div>',
'.content { padding: 20px; } .content h1 { color: #2c3e50; }',
1),
(5, 10, 'Latihan Praktis Proyek Deep Learning Mahir', 'Latihan dan tugas praktik Proyek Deep Learning Mahir.',
'<div class="content"><h2>Latihan Praktis Proyek Deep Learning Mahir</h2><p>Lorem ipsum dolor sit amet, consectetur adipiscing elit. Aenean commodo ligula eget dolor. Aenean massa.</p></div>',
'.content { padding: 20px; } .content h2 { color: #34495e; }',
2),
(6, 11, 'Pengantar Konsep Pemrograman Python', 'Materi pengantar konsep dasar Pemrograman Python.',
'<div class="content"><h1>Pengantar Konsep Pemrograman Python</h1><p>Lorem ipsum dolor sit amet, consectetur adipiscing elit. Integer nec odio. Praesent libero. Sed cursus ante dapibus diam.</p><ul><li>Definisi Pemrograman Python</li><li>Manfaat</li><li>Contoh sederhana</li></ul></div>',
'.content { padding: 20px; line-height: 1.6; } .content h1 { color: #2c3e50; margin-bottom: 20px; } .content ul { margin-left: 20px; } .content li { margin: 10px 0; }',
1),
(6, 11, 'Studi Kasus Pemrograman Python', 'Studi kasus penerapan Pemrograman Python.',
'<div class="content"><h2>Studi Kasus Pemrograman Python</h2><p>Lorem ipsum dolor sit amet, consectetur adipiscing elit. Aenean commodo ligula eget dolor. Aenean massa.</p><ol><li>Kasus 1 Pemrograman Python</li><li>Kasus 2 Pemrograman Python</li></ol></div>',
'.content { padding: 20px; } .content h2 { color: #34495e; } .content ol { margin: 20px 0; } .content li { margin: 10px 0; }',
2),
(6, 12, 'Pengantar Praktis Pemrograman Python', 'Materi pengantar praktik Pemrograman Python.',
'<div class="content"><h1>Pengantar Praktis Pemrograman Python</h1><p>Lorem ipsum dolor sit amet, consectetur adipiscing elit. Integer nec odio. Praesent libero. Sed cursus ante dapibus diam.</p></div>',
'.content { padding: 20px; } .content h1 { color: #2c3e50; }',
1),
(6, 12, 'Latihan Praktis Pemrograman Python', 'Latihan dan tugas praktik Pemrograman Python.',
'<div class="content"><h2>Latihan Praktis Pemrograman Python</h2><p>Lorem ipsum dolor sit amet, consectetur adipiscing elit. Aenean commodo ligula eget dolor. Aenean massa.</p></div>',
'.content { padding: 20px; } .content h2 { color: #34495e; }',
2),
(7, 13, 'Pengantar Konsep Aplikasi Android Fundamental', 'Materi pengantar konsep dasar Aplikasi Android Fundamental.',
'<div class="content"><h1>Pengantar Konsep Aplikasi Android Fundamental</h1><p>Lorem ipsum dolor sit amet, consectetur adipiscing elit. Integer nec odio. Praesent libero. Sed cursus ante dapibus diam.</p><ul><li>Definisi Aplikasi Android Fundamental</li><li>Manfaat</li><li>Contoh sederhana</li></ul></div>',
'.content { padding: 20px; line-height: 1.6; } .content h1 { color: #2c3e50; margin-bottom: 20px; } .content ul { margin-left: 20px; } .content li { margin: 10px 0; }',
1),
(7, 13, 'Studi Kasus Aplikasi Android Fundamental', 'Studi kasus penerapan Aplikasi Android Fundamental.',
'<div class="content"><h2>Studi Kasus Aplikasi Android Fundamental</h2><p>Lorem ipsum dolor sit amet, consectetur adipiscing elit. Aenean commodo ligula eget dolor. Aenean massa.</p><ol><li>Kasus 1 Aplikasi Android Fundamental</li><li>Kasus 2 Aplikasi Android Fundamental</li></ol></div>',
'.content { padding: 20px; } .content h2 { color: #34495e; } .content ol { margin: 20px 0; } .content li { margin: 10px 0; }',
2),
(7, 14, 'Pengantar Praktis Aplikasi Android Fundamental', 'Materi pengantar praktik Aplikasi Android Fundamental.',
'<div class="content"><h1>Pengantar Praktis Aplikasi Android Fundamental</h1><p>Lorem ipsum dolor sit amet, consectetur adipiscing elit. Integer nec odio. Praesent libero. Sed cursus ante dapibus diam.</p></div>',
'.content { padding: 20px; } .content h1 { color: #2c3e50; }',
1),
(7, 14, 'Latihan Praktis Aplikasi Android Fundamental', 'Latihan dan tugas praktik Aplikasi Android Fundamental.',
'<div class="content"><h2>Latihan Praktis Aplikasi Android Fundamental</h2><p>Lorem ipsum dolor sit amet, consectetur adipiscing elit. Aenean commodo ligula eget dolor. Aenean massa.</p></div>',
'.content { padding: 20px; } .content h2 { color: #34495e; }',
2),
(8, 15, 'Pengantar Konsep Aplikasi Android Pemula', 'Materi pengantar konsep dasar Aplikasi Android Pemula.',
'<div class="content"><h1>Pengantar Konsep Aplikasi Android Pemula</h1><p>Lorem ipsum dolor sit amet, consectetur adipiscing elit. Integer nec odio. Praesent libero. Sed cursus ante dapibus diam.</p><ul><li>Definisi Aplikasi Android Pemula</li><li>Manfaat</li><li>Contoh sederhana</li></ul></div>',
'.content { padding: 20px; line-height: 1.6; } .content h1 { color: #2c3e50; margin-bottom: 20px; } .content ul { margin-left: 20px; } .content li { margin: 10px 0; }',
1),
(8, 15, 'Studi Kasus Aplikasi Android Pemula', 'Studi kasus penerapan Aplikasi Android Pemula.',
'<div class="content"><h2>Studi Kasus Aplikasi Android Pemula</h2><p>Lorem ipsum dolor sit amet, consectetur adipiscing elit. Aenean commodo ligula eget dolor. Aenean massa.</p><ol><li>Kasus 1 Aplikasi Android Pemula</li><li>Kasus 2 Aplikasi Android Pemula</li></ol></div>',
'.content { padding: 20px; } .content h2 { color: #34495e; } .content ol { margin: 20px 0; } .content li { margin: 10px 0; }',
2),
(8, 16, 'Pengantar Praktis Aplikasi Android Pemula', 'Materi pengantar praktik Aplikasi Android Pemula.',
'<div class="content"><h1>Pengantar Praktis Aplikasi Android Pemula</h1><p>Lorem ipsum dolor sit amet, consectetur adipiscing elit. Integer nec odio. Praesent libero. Sed cursus ante dapibus diam.</p></div>',
'.content { padding: 20px; } .content h1 { color: #2c3e50; }',
1),
(8, 16, 'Latihan Praktis Aplikasi Android Pemula', 'Latihan dan tugas praktik Aplikasi Android Pemula.',
'<div class="content"><h2>Latihan Praktis Aplikasi Android Pemula</h2><p>Lorem ipsum dolor sit amet, consectetur adipiscing elit. Aenean commodo ligula eget dolor. Aenean massa.</p></div>',
'.content { padding: 20px; } .content h2 { color: #34495e; }',
2),
(9, 17, 'Pengantar Konsep Aplikasi Android Intermediate', 'Materi pengantar konsep dasar Aplikasi Android Intermediate.',
'<div class="content"><h1>Pengantar Konsep Aplikasi Android Intermediate</h1><p>Lorem ipsum dolor sit amet, consectetur adipiscing elit. Integer nec odio. Praesent libero. Sed cursus ante dapibus diam.</p><ul><li>Definisi Aplikasi Android Intermediate</li><li>Manfaat</li><li>Contoh sederhana</li></ul></div>',
'.content { padding: 20px; line-height: 1.6; } .content h1 { color: #2c3e50; margin-bottom: 20px; } .content ul { margin-left: 20px; } .content li { margin: 10px 0; }',
1),
(9, 17, 'Studi Kasus Aplikasi Android Intermediate', 'Studi kasus penerapan Aplikasi Android Intermediate.',
'<div class="content"><h2>Studi Kasus Aplikasi Android Intermediate</h2><p>Lorem ipsum dolor sit amet, consectetur adipiscing elit. Aenean commodo ligula eget dolor. Aenean massa.</p><ol><li>Kasus 1 Aplikasi Android Intermediate</li><li>Kasus 2 Aplikasi Android Intermediate</li></ol></div>',
'.content { padding: 20px; } .content h2 { color: #34495e; } .content ol { margin: 20px 0; } .content li { margin: 10px 0; }',
2),
(9, 18, 'Pengantar Praktis Aplikasi Android Intermediate', 'Materi pengantar praktik Aplikasi Android Intermediate.',
'<div class="content"><h1>Pengantar Praktis Aplikasi Android Intermediate</h1><p>Lorem ipsum dolor sit amet, consectetur adipiscing elit. Integer nec odio. Praesent libero. Sed cursus ante dapibus diam.</p></div>',
'.content { padding: 20px; } .content h1 { color: #2c3e50; }',
1),
(9, 18, 'Latihan Praktis Aplikasi Android Intermediate', 'Latihan dan tugas praktik Aplikasi Android Intermediate.',
'<div class="content"><h2>Latihan Praktis Aplikasi Android Intermediate</h2><p>Lorem ipsum dolor sit amet, consectetur adipiscing elit. Aenean commodo ligula eget dolor. Aenean massa.</p></div>',
'.content { padding: 20px; } .content h2 { color: #34495e; }',
2),
(10, 19, 'Pengantar Konsep Prinsip SOLID', 'Materi pengantar konsep dasar Prinsip SOLID.',
'<div class="content"><h1>Pengantar Konsep Prinsip SOLID</h1><p>Lorem ipsum dolor sit amet, consectetur adipiscing elit. Integer nec odio. Praesent libero. Sed cursus ante dapibus diam.</p><ul><li>Definisi Prinsip SOLID</li><li>Manfaat</li><li>Contoh sederhana</li></ul></div>',
'.content { padding: 20px; line-height: 1.6; } .content h1 { color: #2c3e50; margin-bottom: 20px; } .content ul { margin-left: 20px; } .content li { margin: 10px 0; }',
1),
(10, 19, 'Studi Kasus Prinsip SOLID', 'Studi kasus penerapan Prinsip SOLID.',
'<div class="content"><h2>Studi Kasus Prinsip SOLID</h2><p>Lorem ipsum dolor sit amet, consectetur adipiscing elit. Aenean commodo ligula eget dolor. Aenean massa.</p><ol><li>Kasus 1 Prinsip SOLID</li><li>Kasus 2 Prinsip SOLID</li></ol></div>',
'.content { padding: 20px; } .content h2 { color: #34495e; } .content ol { margin: 20px 0; } .content li { margin: 10px 0; }',
2),
(10, 20, 'Pengantar Praktis Prinsip SOLID', 'Materi pengantar praktik Prinsip SOLID.',
'<div class="content"><h1>Pengantar Praktis Prinsip SOLID</h1><p>Lorem ipsum dolor sit amet, consectetur adipiscing elit. Integer nec odio. Praesent libero. Sed cursus ante dapibus diam.</p></div>',
'.content { padding: 20px; } .content h1 { color: #2c3e50; }',
1),
(10, 20, 'Latihan Praktis Prinsip SOLID', 'Latihan dan tugas praktik Prinsip SOLID.',
'<div class="content"><h2>Latihan Praktis Prinsip SOLID</h2><p>Lorem ipsum dolor sit amet, consectetur adipiscing elit. Aenean commodo ligula eget dolor. Aenean massa.</p></div>',
'.content { padding: 20px; } .content h2 { color: #34495e; }',
2),
(11, 21, 'Pengantar Konsep Pemrograman Kotlin', 'Materi pengantar konsep dasar Pemrograman Kotlin.',
'<div class="content"><h1>Pengantar Konsep Pemrograman Kotlin</h1><p>Lorem ipsum dolor sit amet, consectetur adipiscing elit. Integer nec odio. Praesent libero. Sed cursus ante dapibus diam.</p><ul><li>Definisi Pemrograman Kotlin</li><li>Manfaat</li><li>Contoh sederhana</li></ul></div>',
'.content { padding: 20px; line-height: 1.6; } .content h1 { color: #2c3e50; margin-bottom: 20px; } .content ul { margin-left: 20px; } .content li { margin: 10px 0; }',
1),
(11, 21, 'Studi Kasus Pemrograman Kotlin', 'Studi kasus penerapan Pemrograman Kotlin.',
'<div class="content"><h2>Studi Kasus Pemrograman Kotlin</h2><p>Lorem ipsum dolor sit amet, consectetur adipiscing elit. Aenean commodo ligula eget dolor. Aenean massa.</p><ol><li>Kasus 1 Pemrograman Kotlin</li><li>Kasus 2 Pemrograman Kotlin</li></ol></div>',
'.content { padding: 20px; } .content h2 { color: #34495e; } .content ol { margin: 20px 0; } .content li { margin: 10px 0; }',
2),
(11, 22, 'Pengantar Praktis Pemrograman Kotlin', 'Materi pengantar praktik Pemrograman Kotlin.',
'<div class="content"><h1>Pengantar Praktis Pemrograman Kotlin</h1><p>Lorem ipsum dolor sit amet, consectetur adipiscing elit. Integer nec odio. Praesent libero. Sed cursus ante dapibus diam.</p></div>',
'.content { padding: 20px; } .content h1 { color: #2c3e50; }',
1),
(11, 22, 'Latihan Praktis Pemrograman Kotlin', 'Latihan dan tugas praktik Pemrograman Kotlin.',
'<div class="content"><h2>Latihan Praktis Pemrograman Kotlin</h2><p>Lorem ipsum dolor sit amet, consectetur adipiscing elit. Aenean commodo ligula eget dolor. Aenean massa.</p></div>',
'.content { padding: 20px; } .content h2 { color: #34495e; }',
2),
(12, 23, 'Pengantar Konsep Android Developer Expert', 'Materi pengantar konsep dasar Android Developer Expert.',
'<div class="content"><h1>Pengantar Konsep Android Developer Expert</h1><p>Lorem ipsum dolor sit amet, consectetur adipiscing elit. Integer nec odio. Praesent libero. Sed cursus ante dapibus diam.</p><ul><li>Definisi Android Developer Expert</li><li>Manfaat</li><li>Contoh sederhana</li></ul></div>',
'.content { padding: 20px; line-height: 1.6; } .content h1 { color: #2c3e50; margin-bottom: 20px; } .content ul { margin-left: 20px; } .content li { margin: 10px 0; }',
1),
(12, 23, 'Studi Kasus Android Developer Expert', 'Studi kasus penerapan Android Developer Expert.',
'<div class="content"><h2>Studi Kasus Android Developer Expert</h2><p>Lorem ipsum dolor sit amet, consectetur adipiscing elit. Aenean commodo ligula eget dolor. Aenean massa.</p><ol><li>Kasus 1 Android Developer Expert</li><li>Kasus 2 Android Developer Expert</li></ol></div>',
'.content { padding: 20px; } .content h2 { color: #34495e; } .content ol { margin: 20px 0; } .content li { margin: 10px 0; }',
2),
(12, 24, 'Pengantar Praktis Android Developer Expert', 'Materi pengantar praktik Android Developer Expert.',
'<div class="content"><h1>Pengantar Praktis Android Developer Expert</h1><p>Lorem ipsum dolor sit amet, consectetur adipiscing elit. Integer nec odio. Praesent libero. Sed cursus ante dapibus diam.</p></div>',
'.content { padding: 20px; } .content h1 { color: #2c3e50; }',
1),
(12, 24, 'Latihan Praktis Android Developer Expert', 'Latihan dan tugas praktik Android Developer Expert.',
'<div class="content"><h2>Latihan Praktis Android Developer Expert</h2><p>Lorem ipsum dolor sit amet, consectetur adipiscing elit. Aenean commodo ligula eget dolor. Aenean massa.</p></div>',
'.content { padding: 20px; } .content h2 { color: #34495e; }',
2),
(13, 25, 'Pengantar Konsep Arsitektur Cloud AWS', 'Materi pengantar konsep dasar Arsitektur Cloud AWS.',
'<div class="content"><h1>Pengantar Konsep Arsitektur Cloud AWS</h1><p>Lorem ipsum dolor sit amet, consectetur adipiscing elit. Integer nec odio. Praesent libero. Sed cursus ante dapibus diam.</p><ul><li>Definisi Arsitektur Cloud AWS</li><li>Manfaat</li><li>Contoh sederhana</li></ul></div>',
'.content { padding: 20px; line-height: 1.6; } .content h1 { color: #2c3e50; margin-bottom: 20px; } .content ul { margin-left: 20px; } .content li { margin: 10px 0; }',
1),
(13, 25, 'Studi Kasus Arsitektur Cloud AWS', 'Studi kasus penerapan Arsitektur Cloud AWS.',
'<div class="content"><h2>Studi Kasus Arsitektur Cloud AWS</h2><p>Lorem ipsum dolor sit amet, consectetur adipiscing elit. Aenean commodo ligula eget dolor. Aenean massa.</p><ol><li>Kasus 1 Arsitektur Cloud AWS</li><li>Kasus 2 Arsitektur Cloud AWS</li></ol></div>',
'.content { padding: 20px; } .content h2 { color: #34495e; } .content ol { margin: 20px 0; } .content li { margin: 10px 0; }',
2),
(13, 26, 'Pengantar Praktis Arsitektur Cloud AWS', 'Materi pengantar praktik Arsitektur Cloud AWS.',
'<div class="content"><h1>Pengantar Praktis Arsitektur Cloud AWS</h1><p>Lorem ipsum dolor sit amet, consectetur adipiscing elit. Integer nec odio. Praesent libero. Sed cursus ante dapibus diam.</p></div>',
'.content { padding: 20px; } .content h1 { color: #2c3e50; }',
1),
(13, 26, 'Latihan Praktis Arsitektur Cloud AWS', 'Latihan dan tugas praktik Arsitektur Cloud AWS.',
'<div class="content"><h2>Latihan Praktis Arsitektur Cloud AWS</h2><p>Lorem ipsum dolor sit amet, consectetur adipiscing elit. Aenean commodo ligula eget dolor. Aenean massa.</p></div>',
'.content { padding: 20px; } .content h2 { color: #34495e; }',
2),
(14, 27, 'Pengantar Konsep Back-End JavaScript Pemula', 'Materi pengantar konsep dasar Back-End JavaScript Pemula.',
'<div class="content"><h1>Pengantar Konsep Back-End JavaScript Pemula</h1><p>Lorem ipsum dolor sit amet, consectetur adipiscing elit. Integer nec odio. Praesent libero. Sed cursus ante dapibus diam.</p><ul><li>Definisi Back-End JavaScript Pemula</li><li>Manfaat</li><li>Contoh sederhana</li></ul></div>',
'.content { padding: 20px; line-height: 1.6; } .content h1 { color: #2c3e50; margin-bottom: 20px; } .content ul { margin-left: 20px; } .content li { margin: 10px 0; }',
1),
(14, 27, 'Studi Kasus Back-End JavaScript Pemula', 'Studi kasus penerapan Back-End JavaScript Pemula.',
'<div class="content"><h2>Studi Kasus Back-End JavaScript Pemula</h2><p>Lorem ipsum dolor sit amet, consectetur adipiscing elit. Aenean commodo ligula eget dolor. Aenean massa.</p><ol><li>Kasus 1 Back-End JavaScript Pemula</li><li>Kasus 2 Back-End JavaScript Pemula</li></ol></div>',
'.content { padding: 20px; } .content h2 { color: #34495e; } .content ol { margin: 20px 0; } .content li { margin: 10px 0; }',
2),
(14, 28, 'Pengantar Praktis Back-End JavaScript Pemula', 'Materi pengantar praktik Back-End JavaScript Pemula.',
'<div class="content"><h1>Pengantar Praktis Back-End JavaScript Pemula</h1><p>Lorem ipsum dolor sit amet, consectetur adipiscing elit. Integer nec odio. Praesent libero. Sed cursus ante dapibus diam.</p></div>',
'.content { padding: 20px; } .content h1 { color: #2c3e50; }',
1),
(14, 28, 'Latihan Praktis Back-End JavaScript Pemula', 'Latihan dan tugas praktik Back-End JavaScript Pemula.',
'<div class="content"><h2>Latihan Praktis Back-End JavaScript Pemula</h2><p>Lorem ipsum dolor sit amet, consectetur adipiscing elit. Aenean commodo ligula eget dolor. Aenean massa.</p></div>',
'.content { padding: 20px; } .content h2 { color: #34495e; }',
2),
(15, 29, 'Pengantar Konsep Cloud & Gen AI AWS', 'Materi pengantar konsep dasar Cloud & Gen AI AWS.',
'<div class="content"><h1>Pengantar Konsep Cloud & Gen AI AWS</h1><p>Lorem ipsum dolor sit amet, consectetur adipiscing elit. Integer nec odio. Praesent libero. Sed cursus ante dapibus diam.</p><ul><li>Definisi Cloud & Gen AI AWS</li><li>Manfaat</li><li>Contoh sederhana</li></ul></div>',
'.content { padding: 20px; line-height: 1.6; } .content h1 { color: #2c3e50; margin-bottom: 20px; } .content ul { margin-left: 20px; } .content li { margin: 10px 0; }',
1),
(15, 29, 'Studi Kasus Cloud & Gen AI AWS', 'Studi kasus penerapan Cloud & Gen AI AWS.',
'<div class="content"><h2>Studi Kasus Cloud & Gen AI AWS</h2><p>Lorem ipsum dolor sit amet, consectetur adipiscing elit. Aenean commodo ligula eget dolor. Aenean massa.</p><ol><li>Kasus 1 Cloud & Gen AI AWS</li><li>Kasus 2 Cloud & Gen AI AWS</li></ol></div>',
'.content { padding: 20px; } .content h2 { color: #34495e; } .content ol { margin: 20px 0; } .content li { margin: 10px 0; }',
2),
(15, 30, 'Pengantar Praktis Cloud & Gen AI AWS', 'Materi pengantar praktik Cloud & Gen AI AWS.',
'<div class="content"><h1>Pengantar Praktis Cloud & Gen AI AWS</h1><p>Lorem ipsum dolor sit amet, consectetur adipiscing elit. Integer nec odio. Praesent libero. Sed cursus ante dapibus diam.</p></div>',
'.content { padding: 20px; } .content h1 { color: #2c3e50; }',
1),
(15, 30, 'Latihan Praktis Cloud & Gen AI AWS', 'Latihan dan tugas praktik Cloud & Gen AI AWS.',
'<div class="content"><h2>Latihan Praktis Cloud & Gen AI AWS</h2><p>Lorem ipsum dolor sit amet, consectetur adipiscing elit. Aenean commodo ligula eget dolor. Aenean massa.</p></div>',
'.content { padding: 20px; } .content h2 { color: #34495e; }',
2),
(16, 31, 'Pengantar Konsep Dasar JavaScript', 'Materi pengantar konsep dasar Dasar JavaScript.',
'<div class="content"><h1>Pengantar Konsep Dasar JavaScript</h1><p>Lorem ipsum dolor sit amet, consectetur adipiscing elit. Integer nec odio. Praesent libero. Sed cursus ante dapibus diam.</p><ul><li>Definisi Dasar JavaScript</li><li>Manfaat</li><li>Contoh sederhana</li></ul></div>',
'.content { padding: 20px; line-height: 1.6; } .content h1 { color: #2c3e50; margin-bottom: 20px; } .content ul { margin-left: 20px; } .content li { margin: 10px 0; }',
1),
(16, 31, 'Studi Kasus Dasar JavaScript', 'Studi kasus penerapan Dasar JavaScript.',
'<div class="content"><h2>Studi Kasus Dasar JavaScript</h2><p>Lorem ipsum dolor sit amet, consectetur adipiscing elit. Aenean commodo ligula eget dolor. Aenean massa.</p><ol><li>Kasus 1 Dasar JavaScript</li><li>Kasus 2 Dasar JavaScript</li></ol></div>',
'.content { padding: 20px; } .content h2 { color: #34495e; } .content ol { margin: 20px 0; } .content li { margin: 10px 0; }',
2),
(16, 32, 'Pengantar Praktis Dasar JavaScript', 'Materi pengantar praktik Dasar JavaScript.',
'<div class="content"><h1>Pengantar Praktis Dasar JavaScript</h1><p>Lorem ipsum dolor sit amet, consectetur adipiscing elit. Integer nec odio. Praesent libero. Sed cursus ante dapibus diam.</p></div>',
'.content { padding: 20px; } .content h1 { color: #2c3e50; }',
1),
(16, 32, 'Latihan Praktis Dasar JavaScript', 'Latihan dan tugas praktik Dasar JavaScript.',
'<div class="content"><h2>Latihan Praktis Dasar JavaScript</h2><p>Lorem ipsum dolor sit amet, consectetur adipiscing elit. Aenean commodo ligula eget dolor. Aenean massa.</p></div>',
'.content { padding: 20px; } .content h2 { color: #34495e; }',
2),
(17, 33, 'Pengantar Konsep Fundamental Back-End JavaScript', 'Materi pengantar konsep dasar Fundamental Back-End JavaScript.',
'<div class="content"><h1>Pengantar Konsep Fundamental Back-End JavaScript</h1><p>Lorem ipsum dolor sit amet, consectetur adipiscing elit. Integer nec odio. Praesent libero. Sed cursus ante dapibus diam.</p><ul><li>Definisi Fundamental Back-End JavaScript</li><li>Manfaat</li><li>Contoh sederhana</li></ul></div>',
'.content { padding: 20px; line-height: 1.6; } .content h1 { color: #2c3e50; margin-bottom: 20px; } .content ul { margin-left: 20px; } .content li { margin: 10px 0; }',
1),
(17, 33, 'Studi Kasus Fundamental Back-End JavaScript', 'Studi kasus penerapan Fundamental Back-End JavaScript.',
'<div class="content"><h2>Studi Kasus Fundamental Back-End JavaScript</h2><p>Lorem ipsum dolor sit amet, consectetur adipiscing elit. Aenean commodo ligula eget dolor. Aenean massa.</p><ol><li>Kasus 1 Fundamental Back-End JavaScript</li><li>Kasus 2 Fundamental Back-End JavaScript</li></ol></div>',
'.content { padding: 20px; } .content h2 { color: #34495e; } .content ol { margin: 20px 0; } .content li { margin: 10px 0; }',
2),
(17, 34, 'Pengantar Praktis Fundamental Back-End JavaScript', 'Materi pengantar praktik Fundamental Back-End JavaScript.',
'<div class="content"><h1>Pengantar Praktis Fundamental Back-End JavaScript</h1><p>Lorem ipsum dolor sit amet, consectetur adipiscing elit. Integer nec odio. Praesent libero. Sed cursus ante dapibus diam.</p></div>',
'.content { padding: 20px; } .content h1 { color: #2c3e50; }',
1),
(17, 34, 'Latihan Praktis Fundamental Back-End JavaScript', 'Latihan dan tugas praktik Fundamental Back-End JavaScript.',
'<div class="content"><h2>Latihan Praktis Fundamental Back-End JavaScript</h2><p>Lorem ipsum dolor sit amet, consectetur adipiscing elit. Aenean commodo ligula eget dolor. Aenean massa.</p></div>',
'.content { padding: 20px; } .content h2 { color: #34495e; }',
2),
(18, 35, 'Pengantar Konsep Back-End Developer JavaScript Expert', 'Materi pengantar konsep dasar Back-End Developer JavaScript Expert.',
'<div class="content"><h1>Pengantar Konsep Back-End Developer JavaScript Expert</h1><p>Lorem ipsum dolor sit amet, consectetur adipiscing elit. Integer nec odio. Praesent libero. Sed cursus ante dapibus diam.</p><ul><li>Definisi Back-End Developer JavaScript Expert</li><li>Manfaat</li><li>Contoh sederhana</li></ul></div>',
'.content { padding: 20px; line-height: 1.6; } .content h1 { color: #2c3e50; margin-bottom: 20px; } .content ul { margin-left: 20px; } .content li { margin: 10px 0; }',
1),
(18, 35, 'Studi Kasus Back-End Developer JavaScript Expert', 'Studi kasus penerapan Back-End Developer JavaScript Expert.',
'<div class="content"><h2>Studi Kasus Back-End Developer JavaScript Expert</h2><p>Lorem ipsum dolor sit amet, consectetur adipiscing elit. Aenean commodo ligula eget dolor. Aenean massa.</p><ol><li>Kasus 1 Back-End Developer JavaScript Expert</li><li>Kasus 2 Back-End Developer JavaScript Expert</li></ol></div>',
'.content { padding: 20px; } .content h2 { color: #34495e; } .content ol { margin: 20px 0; } .content li { margin: 10px 0; }',
2),
(18, 36, 'Pengantar Praktis Back-End Developer JavaScript Expert', 'Materi pengantar praktik Back-End Developer JavaScript Expert.',
'<div class="content"><h1>Pengantar Praktis Back-End Developer JavaScript Expert</h1><p>Lorem ipsum dolor sit amet, consectetur adipiscing elit. Integer nec odio. Praesent libero. Sed cursus ante dapibus diam.</p></div>',
'.content { padding: 20px; } .content h1 { color: #2c3e50; }',
1),
(18, 36, 'Latihan Praktis Back-End Developer JavaScript Expert', 'Latihan dan tugas praktik Back-End Developer JavaScript Expert.',
'<div class="content"><h2>Latihan Praktis Back-End Developer JavaScript Expert</h2><p>Lorem ipsum dolor sit amet, consectetur adipiscing elit. Aenean commodo ligula eget dolor. Aenean massa.</p></div>',
'.content { padding: 20px; } .content h2 { color: #34495e; }',
2),
(19, 37, 'Pengantar Konsep Node.js Application Developer', 'Materi pengantar konsep dasar Node.js Application Developer.',
'<div class="content"><h1>Pengantar Konsep Node.js Application Developer</h1><p>Lorem ipsum dolor sit amet, consectetur adipiscing elit. Integer nec odio. Praesent libero. Sed cursus ante dapibus diam.</p><ul><li>Definisi Node.js Application Developer</li><li>Manfaat</li><li>Contoh sederhana</li></ul></div>',
'.content { padding: 20px; line-height: 1.6; } .content h1 { color: #2c3e50; margin-bottom: 20px; } .content ul { margin-left: 20px; } .content li { margin: 10px 0; }',
1),
(19, 37, 'Studi Kasus Node.js Application Developer', 'Studi kasus penerapan Node.js Application Developer.',
'<div class="content"><h2>Studi Kasus Node.js Application Developer</h2><p>Lorem ipsum dolor sit amet, consectetur adipiscing elit. Aenean commodo ligula eget dolor. Aenean massa.</p><ol><li>Kasus 1 Node.js Application Developer</li><li>Kasus 2 Node.js Application Developer</li></ol></div>',
'.content { padding: 20px; } .content h2 { color: #34495e; } .content ol { margin: 20px 0; } .content li { margin: 10px 0; }',
2),
(19, 38, 'Pengantar Praktis Node.js Application Developer', 'Materi pengantar praktik Node.js Application Developer.',
'<div class="content"><h1>Pengantar Praktis Node.js Application Developer</h1><p>Lorem ipsum dolor sit amet, consectetur adipiscing elit. Integer nec odio. Praesent libero. Sed cursus ante dapibus diam.</p></div>',
'.content { padding: 20px; } .content h1 { color: #2c3e50; }',
1),
(19, 38, 'Latihan Praktis Node.js Application Developer', 'Latihan dan tugas praktik Node.js Application Developer.',
'<div class="content"><h2>Latihan Praktis Node.js Application Developer</h2><p>Lorem ipsum dolor sit amet, consectetur adipiscing elit. Aenean commodo ligula eget dolor. Aenean massa.</p></div>',
'.content { padding: 20px; } .content h2 { color: #34495e; }',
2),
(20, 39, 'Pengantar Konsep Back-End Python Pemula', 'Materi pengantar konsep dasar Back-End Python Pemula.',
'<div class="content"><h1>Pengantar Konsep Back-End Python Pemula</h1><p>Lorem ipsum dolor sit amet, consectetur adipiscing elit. Integer nec odio. Praesent libero. Sed cursus ante dapibus diam.</p><ul><li>Definisi Back-End Python Pemula</li><li>Manfaat</li><li>Contoh sederhana</li></ul></div>',
'.content { padding: 20px; line-height: 1.6; } .content h1 { color: #2c3e50; margin-bottom: 20px; } .content ul { margin-left: 20px; } .content li { margin: 10px 0; }',
1),
(20, 39, 'Studi Kasus Back-End Python Pemula', 'Studi kasus penerapan Back-End Python Pemula.',
'<div class="content"><h2>Studi Kasus Back-End Python Pemula</h2><p>Lorem ipsum dolor sit amet, consectetur adipiscing elit. Aenean commodo ligula eget dolor. Aenean massa.</p><ol><li>Kasus 1 Back-End Python Pemula</li><li>Kasus 2 Back-End Python Pemula</li></ol></div>',
'.content { padding: 20px; } .content h2 { color: #34495e; } .content ol { margin: 20px 0; } .content li { margin: 10px 0; }',
2),
(20, 40, 'Pengantar Praktis Back-End Python Pemula', 'Materi pengantar praktik Back-End Python Pemula.',
'<div class="content"><h1>Pengantar Praktis Back-End Python Pemula</h1><p>Lorem ipsum dolor sit amet, consectetur adipiscing elit. Integer nec odio. Praesent libero. Sed cursus ante dapibus diam.</p></div>',
'.content { padding: 20px; } .content h1 { color: #2c3e50; }',
1),
(20, 40, 'Latihan Praktis Back-End Python Pemula', 'Latihan dan tugas praktik Back-End Python Pemula.',
'<div class="content"><h2>Latihan Praktis Back-End Python Pemula</h2><p>Lorem ipsum dolor sit amet, consectetur adipiscing elit. Aenean commodo ligula eget dolor. Aenean massa.</p></div>',
'.content { padding: 20px; } .content h2 { color: #34495e; }',
2),
(21, 41, 'Pengantar Konsep Dasar Google Cloud', 'Materi pengantar konsep dasar Dasar Google Cloud.',
'<div class="content"><h1>Pengantar Konsep Dasar Google Cloud</h1><p>Lorem ipsum dolor sit amet, consectetur adipiscing elit. Integer nec odio. Praesent libero. Sed cursus ante dapibus diam.</p><ul><li>Definisi Dasar Google Cloud</li><li>Manfaat</li><li>Contoh sederhana</li></ul></div>',
'.content { padding: 20px; line-height: 1.6; } .content h1 { color: #2c3e50; margin-bottom: 20px; } .content ul { margin-left: 20px; } .content li { margin: 10px 0; }',
1),
(21, 41, 'Studi Kasus Dasar Google Cloud', 'Studi kasus penerapan Dasar Google Cloud.',
'<div class="content"><h2>Studi Kasus Dasar Google Cloud</h2><p>Lorem ipsum dolor sit amet, consectetur adipiscing elit. Aenean commodo ligula eget dolor. Aenean massa.</p><ol><li>Kasus 1 Dasar Google Cloud</li><li>Kasus 2 Dasar Google Cloud</li></ol></div>',
'.content { padding: 20px; } .content h2 { color: #34495e; } .content ol { margin: 20px 0; } .content li { margin: 10px 0; }',
2),
(21, 42, 'Pengantar Praktis Dasar Google Cloud', 'Materi pengantar praktik Dasar Google Cloud.',
'<div class="content"><h1>Pengantar Praktis Dasar Google Cloud</h1><p>Lorem ipsum dolor sit amet, consectetur adipiscing elit. Integer nec odio. Praesent libero. Sed cursus ante dapibus diam.</p></div>',
'.content { padding: 20px; } .content h1 { color: #2c3e50; }',
1),
(21, 42, 'Latihan Praktis Dasar Google Cloud', 'Latihan dan tugas praktik Dasar Google Cloud.',
'<div class="content"><h2>Latihan Praktis Dasar Google Cloud</h2><p>Lorem ipsum dolor sit amet, consectetur adipiscing elit. Aenean commodo ligula eget dolor. Aenean massa.</p></div>',
'.content { padding: 20px; } .content h2 { color: #34495e; }',
2),
(22, 43, 'Pengantar Konsep Fundamental Back-End Python', 'Materi pengantar konsep dasar Fundamental Back-End Python.',
'<div class="content"><h1>Pengantar Konsep Fundamental Back-End Python</h1><p>Lorem ipsum dolor sit amet, consectetur adipiscing elit. Integer nec odio. Praesent libero. Sed cursus ante dapibus diam.</p><ul><li>Definisi Fundamental Back-End Python</li><li>Manfaat</li><li>Contoh sederhana</li></ul></div>',
'.content { padding: 20px; line-height: 1.6; } .content h1 { color: #2c3e50; margin-bottom: 20px; } .content ul { margin-left: 20px; } .content li { margin: 10px 0; }',
1),
(22, 43, 'Studi Kasus Fundamental Back-End Python', 'Studi kasus penerapan Fundamental Back-End Python.',
'<div class="content"><h2>Studi Kasus Fundamental Back-End Python</h2><p>Lorem ipsum dolor sit amet, consectetur adipiscing elit. Aenean commodo ligula eget dolor. Aenean massa.</p><ol><li>Kasus 1 Fundamental Back-End Python</li><li>Kasus 2 Fundamental Back-End Python</li></ol></div>',
'.content { padding: 20px; } .content h2 { color: #34495e; } .content ol { margin: 20px 0; } .content li { margin: 10px 0; }',
2),
(22, 44, 'Pengantar Praktis Fundamental Back-End Python', 'Materi pengantar praktik Fundamental Back-End Python.',
'<div class="content"><h1>Pengantar Praktis Fundamental Back-End Python</h1><p>Lorem ipsum dolor sit amet, consectetur adipiscing elit. Integer nec odio. Praesent libero. Sed cursus ante dapibus diam.</p></div>',
'.content { padding: 20px; } .content h1 { color: #2c3e50; }',
1),
(22, 44, 'Latihan Praktis Fundamental Back-End Python', 'Latihan dan tugas praktik Fundamental Back-End Python.',
'<div class="content"><h2>Latihan Praktis Fundamental Back-End Python</h2><p>Lorem ipsum dolor sit amet, consectetur adipiscing elit. Aenean commodo ligula eget dolor. Aenean massa.</p></div>',
'.content { padding: 20px; } .content h2 { color: #34495e; }',
2),
(23, 45, 'Pengantar Konsep Pemrograman Python', 'Materi pengantar konsep dasar Pemrograman Python.',
'<div class="content"><h1>Pengantar Konsep Pemrograman Python</h1><p>Lorem ipsum dolor sit amet, consectetur adipiscing elit. Integer nec odio. Praesent libero. Sed cursus ante dapibus diam.</p><ul><li>Definisi Pemrograman Python</li><li>Manfaat</li><li>Contoh sederhana</li></ul></div>',
'.content { padding: 20px; line-height: 1.6; } .content h1 { color: #2c3e50; margin-bottom: 20px; } .content ul { margin-left: 20px; } .content li { margin: 10px 0; }',
1),
(23, 45, 'Studi Kasus Pemrograman Python', 'Studi kasus penerapan Pemrograman Python.',
'<div class="content"><h2>Studi Kasus Pemrograman Python</h2><p>Lorem ipsum dolor sit amet, consectetur adipiscing elit. Aenean commodo ligula eget dolor. Aenean massa.</p><ol><li>Kasus 1 Pemrograman Python</li><li>Kasus 2 Pemrograman Python</li></ol></div>',
'.content { padding: 20px; } .content h2 { color: #34495e; } .content ol { margin: 20px 0; } .content li { margin: 10px 0; }',
2),
(23, 46, 'Pengantar Praktis Pemrograman Python', 'Materi pengantar praktik Pemrograman Python.',
'<div class="content"><h1>Pengantar Praktis Pemrograman Python</h1><p>Lorem ipsum dolor sit amet, consectetur adipiscing elit. Integer nec odio. Praesent libero. Sed cursus ante dapibus diam.</p></div>',
'.content { padding: 20px; } .content h1 { color: #2c3e50; }',
1),
(23, 46, 'Latihan Praktis Pemrograman Python', 'Latihan dan tugas praktik Pemrograman Python.',
'<div class="content"><h2>Latihan Praktis Pemrograman Python</h2><p>Lorem ipsum dolor sit amet, consectetur adipiscing elit. Aenean commodo ligula eget dolor. Aenean massa.</p></div>',
'.content { padding: 20px; } .content h2 { color: #34495e; }',
2),
(24, 47, 'Pengantar Konsep Google Cloud Architect', 'Materi pengantar konsep dasar Google Cloud Architect.',
'<div class="content"><h1>Pengantar Konsep Google Cloud Architect</h1><p>Lorem ipsum dolor sit amet, consectetur adipiscing elit. Integer nec odio. Praesent libero. Sed cursus ante dapibus diam.</p><ul><li>Definisi Google Cloud Architect</li><li>Manfaat</li><li>Contoh sederhana</li></ul></div>',
'.content { padding: 20px; line-height: 1.6; } .content h1 { color: #2c3e50; margin-bottom: 20px; } .content ul { margin-left: 20px; } .content li { margin: 10px 0; }',
1),
(24, 47, 'Studi Kasus Google Cloud Architect', 'Studi kasus penerapan Google Cloud Architect.',
'<div class="content"><h2>Studi Kasus Google Cloud Architect</h2><p>Lorem ipsum dolor sit amet, consectetur adipiscing elit. Aenean commodo ligula eget dolor. Aenean massa.</p><ol><li>Kasus 1 Google Cloud Architect</li><li>Kasus 2 Google Cloud Architect</li></ol></div>',
'.content { padding: 20px; } .content h2 { color: #34495e; } .content ol { margin: 20px 0; } .content li { margin: 10px 0; }',
2),
(24, 48, 'Pengantar Praktis Google Cloud Architect', 'Materi pengantar praktik Google Cloud Architect.',
'<div class="content"><h1>Pengantar Praktis Google Cloud Architect</h1><p>Lorem ipsum dolor sit amet, consectetur adipiscing elit. Integer nec odio. Praesent libero. Sed cursus ante dapibus diam.</p></div>',
'.content { padding: 20px; } .content h1 { color: #2c3e50; }',
1),
(24, 48, 'Latihan Praktis Google Cloud Architect', 'Latihan dan tugas praktik Google Cloud Architect.',
'<div class="content"><h2>Latihan Praktis Google Cloud Architect</h2><p>Lorem ipsum dolor sit amet, consectetur adipiscing elit. Aenean commodo ligula eget dolor. Aenean massa.</p></div>',
'.content { padding: 20px; } .content h2 { color: #34495e; }',
2),
(25, 49, 'Pengantar Konsep Google Cloud Engineer', 'Materi pengantar konsep dasar Google Cloud Engineer.',
'<div class="content"><h1>Pengantar Konsep Google Cloud Engineer</h1><p>Lorem ipsum dolor sit amet, consectetur adipiscing elit. Integer nec odio. Praesent libero. Sed cursus ante dapibus diam.</p><ul><li>Definisi Google Cloud Engineer</li><li>Manfaat</li><li>Contoh sederhana</li></ul></div>',
'.content { padding: 20px; line-height: 1.6; } .content h1 { color: #2c3e50; margin-bottom: 20px; } .content ul { margin-left: 20px; } .content li { margin: 10px 0; }',
1),
(25, 49, 'Studi Kasus Google Cloud Engineer', 'Studi kasus penerapan Google Cloud Engineer.',
'<div class="content"><h2>Studi Kasus Google Cloud Engineer</h2><p>Lorem ipsum dolor sit amet, consectetur adipiscing elit. Aenean commodo ligula eget dolor. Aenean massa.</p><ol><li>Kasus 1 Google Cloud Engineer</li><li>Kasus 2 Google Cloud Engineer</li></ol></div>',
'.content { padding: 20px; } .content h2 { color: #34495e; } .content ol { margin: 20px 0; } .content li { margin: 10px 0; }',
2),
(25, 50, 'Pengantar Praktis Google Cloud Engineer', 'Materi pengantar praktik Google Cloud Engineer.',
'<div class="content"><h1>Pengantar Praktis Google Cloud Engineer</h1><p>Lorem ipsum dolor sit amet, consectetur adipiscing elit. Integer nec odio. Praesent libero. Sed cursus ante dapibus diam.</p></div>',
'.content { padding: 20px; } .content h1 { color: #2c3e50; }',
1),
(25, 50, 'Latihan Praktis Google Cloud Engineer', 'Latihan dan tugas praktik Google Cloud Engineer.',
'<div class="content"><h2>Latihan Praktis Google Cloud Engineer</h2><p>Lorem ipsum dolor sit amet, consectetur adipiscing elit. Aenean commodo ligula eget dolor. Aenean massa.</p></div>',
'.content { padding: 20px; } .content h2 { color: #34495e; }',
2),
(26, 51, 'Pengantar Konsep Analisis Data Python', 'Materi pengantar konsep dasar Analisis Data Python.',
'<div class="content"><h1>Pengantar Konsep Analisis Data Python</h1><p>Lorem ipsum dolor sit amet, consectetur adipiscing elit. Integer nec odio. Praesent libero. Sed cursus ante dapibus diam.</p><ul><li>Definisi Analisis Data Python</li><li>Manfaat</li><li>Contoh sederhana</li></ul></div>',
'.content { padding: 20px; line-height: 1.6; } .content h1 { color: #2c3e50; margin-bottom: 20px; } .content ul { margin-left: 20px; } .content li { margin: 10px 0; }',
1),
(26, 51, 'Studi Kasus Analisis Data Python', 'Studi kasus penerapan Analisis Data Python.',
'<div class="content"><h2>Studi Kasus Analisis Data Python</h2><p>Lorem ipsum dolor sit amet, consectetur adipiscing elit. Aenean commodo ligula eget dolor. Aenean massa.</p><ol><li>Kasus 1 Analisis Data Python</li><li>Kasus 2 Analisis Data Python</li></ol></div>',
'.content { padding: 20px; } .content h2 { color: #34495e; } .content ol { margin: 20px 0; } .content li { margin: 10px 0; }',
2),
(26, 52, 'Pengantar Praktis Analisis Data Python', 'Materi pengantar praktik Analisis Data Python.',
'<div class="content"><h1>Pengantar Praktis Analisis Data Python</h1><p>Lorem ipsum dolor sit amet, consectetur adipiscing elit. Integer nec odio. Praesent libero. Sed cursus ante dapibus diam.</p></div>',
'.content { padding: 20px; } .content h1 { color: #2c3e50; }',
1),
(26, 52, 'Latihan Praktis Analisis Data Python', 'Latihan dan tugas praktik Analisis Data Python.',
'<div class="content"><h2>Latihan Praktis Analisis Data Python</h2><p>Lorem ipsum dolor sit amet, consectetur adipiscing elit. Aenean commodo ligula eget dolor. Aenean massa.</p></div>',
'.content { padding: 20px; } .content h2 { color: #34495e; }',
2),
(27, 53, 'Pengantar Konsep Dasar Data Science', 'Materi pengantar konsep dasar Dasar Data Science.',
'<div class="content"><h1>Pengantar Konsep Dasar Data Science</h1><p>Lorem ipsum dolor sit amet, consectetur adipiscing elit. Integer nec odio. Praesent libero. Sed cursus ante dapibus diam.</p><ul><li>Definisi Dasar Data Science</li><li>Manfaat</li><li>Contoh sederhana</li></ul></div>',
'.content { padding: 20px; line-height: 1.6; } .content h1 { color: #2c3e50; margin-bottom: 20px; } .content ul { margin-left: 20px; } .content li { margin: 10px 0; }',
1),
(27, 53, 'Studi Kasus Dasar Data Science', 'Studi kasus penerapan Dasar Data Science.',
'<div class="content"><h2>Studi Kasus Dasar Data Science</h2><p>Lorem ipsum dolor sit amet, consectetur adipiscing elit. Aenean commodo ligula eget dolor. Aenean massa.</p><ol><li>Kasus 1 Dasar Data Science</li><li>Kasus 2 Dasar Data Science</li></ol></div>',
'.content { padding: 20px; } .content h2 { color: #34495e; } .content ol { margin: 20px 0; } .content li { margin: 10px 0; }',
2),
(27, 54, 'Pengantar Praktis Dasar Data Science', 'Materi pengantar praktik Dasar Data Science.',
'<div class="content"><h1>Pengantar Praktis Dasar Data Science</h1><p>Lorem ipsum dolor sit amet, consectetur adipiscing elit. Integer nec odio. Praesent libero. Sed cursus ante dapibus diam.</p></div>',
'.content { padding: 20px; } .content h1 { color: #2c3e50; }',
1),
(27, 54, 'Latihan Praktis Dasar Data Science', 'Latihan dan tugas praktik Dasar Data Science.',
'<div class="content"><h2>Latihan Praktis Dasar Data Science</h2><p>Lorem ipsum dolor sit amet, consectetur adipiscing elit. Aenean commodo ligula eget dolor. Aenean massa.</p></div>',
'.content { padding: 20px; } .content h2 { color: #34495e; }',
2),
(28, 55, 'Pengantar Konsep Dasar SQL', 'Materi pengantar konsep dasar Dasar SQL.',
'<div class="content"><h1>Pengantar Konsep Dasar SQL</h1><p>Lorem ipsum dolor sit amet, consectetur adipiscing elit. Integer nec odio. Praesent libero. Sed cursus ante dapibus diam.</p><ul><li>Definisi Dasar SQL</li><li>Manfaat</li><li>Contoh sederhana</li></ul></div>',
'.content { padding: 20px; line-height: 1.6; } .content h1 { color: #2c3e50; margin-bottom: 20px; } .content ul { margin-left: 20px; } .content li { margin: 10px 0; }',
1),
(28, 55, 'Studi Kasus Dasar SQL', 'Studi kasus penerapan Dasar SQL.',
'<div class="content"><h2>Studi Kasus Dasar SQL</h2><p>Lorem ipsum dolor sit amet, consectetur adipiscing elit. Aenean commodo ligula eget dolor. Aenean massa.</p><ol><li>Kasus 1 Dasar SQL</li><li>Kasus 2 Dasar SQL</li></ol></div>',
'.content { padding: 20px; } .content h2 { color: #34495e; } .content ol { margin: 20px 0; } .content li { margin: 10px 0; }',
2),
(28, 56, 'Pengantar Praktis Dasar SQL', 'Materi pengantar praktik Dasar SQL.',
'<div class="content"><h1>Pengantar Praktis Dasar SQL</h1><p>Lorem ipsum dolor sit amet, consectetur adipiscing elit. Integer nec odio. Praesent libero. Sed cursus ante dapibus diam.</p></div>',
'.content { padding: 20px; } .content h1 { color: #2c3e50; }',
1),
(28, 56, 'Latihan Praktis Dasar SQL', 'Latihan dan tugas praktik Dasar SQL.',
'<div class="content"><h2>Latihan Praktis Dasar SQL</h2><p>Lorem ipsum dolor sit amet, consectetur adipiscing elit. Aenean commodo ligula eget dolor. Aenean massa.</p></div>',
'.content { padding: 20px; } .content h2 { color: #34495e; }',
2),
(29, 57, 'Pengantar Konsep Machine Learning Pemula', 'Materi pengantar konsep dasar Machine Learning Pemula.',
'<div class="content"><h1>Pengantar Konsep Machine Learning Pemula</h1><p>Lorem ipsum dolor sit amet, consectetur adipiscing elit. Integer nec odio. Praesent libero. Sed cursus ante dapibus diam.</p><ul><li>Definisi Machine Learning Pemula</li><li>Manfaat</li><li>Contoh sederhana</li></ul></div>',
'.content { padding: 20px; line-height: 1.6; } .content h1 { color: #2c3e50; margin-bottom: 20px; } .content ul { margin-left: 20px; } .content li { margin: 10px 0; }',
1),
(29, 57, 'Studi Kasus Machine Learning Pemula', 'Studi kasus penerapan Machine Learning Pemula.',
'<div class="content"><h2>Studi Kasus Machine Learning Pemula</h2><p>Lorem ipsum dolor sit amet, consectetur adipiscing elit. Aenean commodo ligula eget dolor. Aenean massa.</p><ol><li>Kasus 1 Machine Learning Pemula</li><li>Kasus 2 Machine Learning Pemula</li></ol></div>',
'.content { padding: 20px; } .content h2 { color: #34495e; } .content ol { margin: 20px 0; } .content li { margin: 10px 0; }',
2),
(29, 58, 'Pengantar Praktis Machine Learning Pemula', 'Materi pengantar praktik Machine Learning Pemula.',
'<div class="content"><h1>Pengantar Praktis Machine Learning Pemula</h1><p>Lorem ipsum dolor sit amet, consectetur adipiscing elit. Integer nec odio. Praesent libero. Sed cursus ante dapibus diam.</p></div>',
'.content { padding: 20px; } .content h1 { color: #2c3e50; }',
1),
(29, 58, 'Latihan Praktis Machine Learning Pemula', 'Latihan dan tugas praktik Machine Learning Pemula.',
'<div class="content"><h2>Latihan Praktis Machine Learning Pemula</h2><p>Lorem ipsum dolor sit amet, consectetur adipiscing elit. Aenean commodo ligula eget dolor. Aenean massa.</p></div>',
'.content { padding: 20px; } .content h2 { color: #34495e; }',
2),
(30, 59, 'Pengantar Konsep Matematika Data Science', 'Materi pengantar konsep dasar Matematika Data Science.',
'<div class="content"><h1>Pengantar Konsep Matematika Data Science</h1><p>Lorem ipsum dolor sit amet, consectetur adipiscing elit. Integer nec odio. Praesent libero. Sed cursus ante dapibus diam.</p><ul><li>Definisi Matematika Data Science</li><li>Manfaat</li><li>Contoh sederhana</li></ul></div>',
'.content { padding: 20px; line-height: 1.6; } .content h1 { color: #2c3e50; margin-bottom: 20px; } .content ul { margin-left: 20px; } .content li { margin: 10px 0; }',
1),
(30, 59, 'Studi Kasus Matematika Data Science', 'Studi kasus penerapan Matematika Data Science.',
'<div class="content"><h2>Studi Kasus Matematika Data Science</h2><p>Lorem ipsum dolor sit amet, consectetur adipiscing elit. Aenean commodo ligula eget dolor. Aenean massa.</p><ol><li>Kasus 1 Matematika Data Science</li><li>Kasus 2 Matematika Data Science</li></ol></div>',
'.content { padding: 20px; } .content h2 { color: #34495e; } .content ol { margin: 20px 0; } .content li { margin: 10px 0; }',
2),
(30, 60, 'Pengantar Praktis Matematika Data Science', 'Materi pengantar praktik Matematika Data Science.',
'<div class="content"><h1>Pengantar Praktis Matematika Data Science</h1><p>Lorem ipsum dolor sit amet, consectetur adipiscing elit. Integer nec odio. Praesent libero. Sed cursus ante dapibus diam.</p></div>',
'.content { padding: 20px; } .content h1 { color: #2c3e50; }',
1),
(30, 60, 'Latihan Praktis Matematika Data Science', 'Latihan dan tugas praktik Matematika Data Science.',
'<div class="content"><h2>Latihan Praktis Matematika Data Science</h2><p>Lorem ipsum dolor sit amet, consectetur adipiscing elit. Aenean commodo ligula eget dolor. Aenean massa.</p></div>',
'.content { padding: 20px; } .content h2 { color: #34495e; }',
2),
(31, 61, 'Pengantar Konsep Penerapan Data Science', 'Materi pengantar konsep dasar Penerapan Data Science.',
'<div class="content"><h1>Pengantar Konsep Penerapan Data Science</h1><p>Lorem ipsum dolor sit amet, consectetur adipiscing elit. Integer nec odio. Praesent libero. Sed cursus ante dapibus diam.</p><ul><li>Definisi Penerapan Data Science</li><li>Manfaat</li><li>Contoh sederhana</li></ul></div>',
'.content { padding: 20px; line-height: 1.6; } .content h1 { color: #2c3e50; margin-bottom: 20px; } .content ul { margin-left: 20px; } .content li { margin: 10px 0; }',
1),
(31, 61, 'Studi Kasus Penerapan Data Science', 'Studi kasus penerapan Penerapan Data Science.',
'<div class="content"><h2>Studi Kasus Penerapan Data Science</h2><p>Lorem ipsum dolor sit amet, consectetur adipiscing elit. Aenean commodo ligula eget dolor. Aenean massa.</p><ol><li>Kasus 1 Penerapan Data Science</li><li>Kasus 2 Penerapan Data Science</li></ol></div>',
'.content { padding: 20px; } .content h2 { color: #34495e; } .content ol { margin: 20px 0; } .content li { margin: 10px 0; }',
2),
(31, 62, 'Pengantar Praktis Penerapan Data Science', 'Materi pengantar praktik Penerapan Data Science.',
'<div class="content"><h1>Pengantar Praktis Penerapan Data Science</h1><p>Lorem ipsum dolor sit amet, consectetur adipiscing elit. Integer nec odio. Praesent libero. Sed cursus ante dapibus diam.</p></div>',
'.content { padding: 20px; } .content h1 { color: #2c3e50; }',
1),
(31, 62, 'Latihan Praktis Penerapan Data Science', 'Latihan dan tugas praktik Penerapan Data Science.',
'<div class="content"><h2>Latihan Praktis Penerapan Data Science</h2><p>Lorem ipsum dolor sit amet, consectetur adipiscing elit. Aenean commodo ligula eget dolor. Aenean massa.</p></div>',
'.content { padding: 20px; } .content h2 { color: #34495e; }',
2),
(32, 63, 'Pengantar Konsep Pemrograman Python', 'Materi pengantar konsep dasar Pemrograman Python.',
'<div class="content"><h1>Pengantar Konsep Pemrograman Python</h1><p>Lorem ipsum dolor sit amet, consectetur adipiscing elit. Integer nec odio. Praesent libero. Sed cursus ante dapibus diam.</p><ul><li>Definisi Pemrograman Python</li><li>Manfaat</li><li>Contoh sederhana</li></ul></div>',
'.content { padding: 20px; line-height: 1.6; } .content h1 { color: #2c3e50; margin-bottom: 20px; } .content ul { margin-left: 20px; } .content li { margin: 10px 0; }',
1),
(32, 63, 'Studi Kasus Pemrograman Python', 'Studi kasus penerapan Pemrograman Python.',
'<div class="content"><h2>Studi Kasus Pemrograman Python</h2><p>Lorem ipsum dolor sit amet, consectetur adipiscing elit. Aenean commodo ligula eget dolor. Aenean massa.</p><ol><li>Kasus 1 Pemrograman Python</li><li>Kasus 2 Pemrograman Python</li></ol></div>',
'.content { padding: 20px; } .content h2 { color: #34495e; } .content ol { margin: 20px 0; } .content li { margin: 10px 0; }',
2),
(32, 64, 'Pengantar Praktis Pemrograman Python', 'Materi pengantar praktik Pemrograman Python.',
'<div class="content"><h1>Pengantar Praktis Pemrograman Python</h1><p>Lorem ipsum dolor sit amet, consectetur adipiscing elit. Integer nec odio. Praesent libero. Sed cursus ante dapibus diam.</p></div>',
'.content { padding: 20px; } .content h1 { color: #2c3e50; }',
1),
(32, 64, 'Latihan Praktis Pemrograman Python', 'Latihan dan tugas praktik Pemrograman Python.',
'<div class="content"><h2>Latihan Praktis Pemrograman Python</h2><p>Lorem ipsum dolor sit amet, consectetur adipiscing elit. Aenean commodo ligula eget dolor. Aenean massa.</p></div>',
'.content { padding: 20px; } .content h2 { color: #34495e; }',
2),
(33, 65, 'Pengantar Konsep Dasar DevOps', 'Materi pengantar konsep dasar Dasar DevOps.',
'<div class="content"><h1>Pengantar Konsep Dasar DevOps</h1><p>Lorem ipsum dolor sit amet, consectetur adipiscing elit. Integer nec odio. Praesent libero. Sed cursus ante dapibus diam.</p><ul><li>Definisi Dasar DevOps</li><li>Manfaat</li><li>Contoh sederhana</li></ul></div>',
'.content { padding: 20px; line-height: 1.6; } .content h1 { color: #2c3e50; margin-bottom: 20px; } .content ul { margin-left: 20px; } .content li { margin: 10px 0; }',
1),
(33, 65, 'Studi Kasus Dasar DevOps', 'Studi kasus penerapan Dasar DevOps.',
'<div class="content"><h2>Studi Kasus Dasar DevOps</h2><p>Lorem ipsum dolor sit amet, consectetur adipiscing elit. Aenean commodo ligula eget dolor. Aenean massa.</p><ol><li>Kasus 1 Dasar DevOps</li><li>Kasus 2 Dasar DevOps</li></ol></div>',
'.content { padding: 20px; } .content h2 { color: #34495e; } .content ol { margin: 20px 0; } .content li { margin: 10px 0; }',
2),
(33, 66, 'Pengantar Praktis Dasar DevOps', 'Materi pengantar praktik Dasar DevOps.',
'<div class="content"><h1>Pengantar Praktis Dasar DevOps</h1><p>Lorem ipsum dolor sit amet, consectetur adipiscing elit. Integer nec odio. Praesent libero. Sed cursus ante dapibus diam.</p></div>',
'.content { padding: 20px; } .content h1 { color: #2c3e50; }',
1),
(33, 66, 'Latihan Praktis Dasar DevOps', 'Latihan dan tugas praktik Dasar DevOps.',
'<div class="content"><h2>Latihan Praktis Dasar DevOps</h2><p>Lorem ipsum dolor sit amet, consectetur adipiscing elit. Aenean commodo ligula eget dolor. Aenean massa.</p></div>',
'.content { padding: 20px; } .content h2 { color: #34495e; }',
2),
(34, 67, 'Pengantar Konsep Implementasi CI/CD', 'Materi pengantar konsep dasar Implementasi CI/CD.',
'<div class="content"><h1>Pengantar Konsep Implementasi CI/CD</h1><p>Lorem ipsum dolor sit amet, consectetur adipiscing elit. Integer nec odio. Praesent libero. Sed cursus ante dapibus diam.</p><ul><li>Definisi Implementasi CI/CD</li><li>Manfaat</li><li>Contoh sederhana</li></ul></div>',
'.content { padding: 20px; line-height: 1.6; } .content h1 { color: #2c3e50; margin-bottom: 20px; } .content ul { margin-left: 20px; } .content li { margin: 10px 0; }',
1),
(34, 67, 'Studi Kasus Implementasi CI/CD', 'Studi kasus penerapan Implementasi CI/CD.',
'<div class="content"><h2>Studi Kasus Implementasi CI/CD</h2><p>Lorem ipsum dolor sit amet, consectetur adipiscing elit. Aenean commodo ligula eget dolor. Aenean massa.</p><ol><li>Kasus 1 Implementasi CI/CD</li><li>Kasus 2 Implementasi CI/CD</li></ol></div>',
'.content { padding: 20px; } .content h2 { color: #34495e; } .content ol { margin: 20px 0; } .content li { margin: 10px 0; }',
2),
(34, 68, 'Pengantar Praktis Implementasi CI/CD', 'Materi pengantar praktik Implementasi CI/CD.',
'<div class="content"><h1>Pengantar Praktis Implementasi CI/CD</h1><p>Lorem ipsum dolor sit amet, consectetur adipiscing elit. Integer nec odio. Praesent libero. Sed cursus ante dapibus diam.</p></div>',
'.content { padding: 20px; } .content h1 { color: #2c3e50; }',
1),
(34, 68, 'Latihan Praktis Implementasi CI/CD', 'Latihan dan tugas praktik Implementasi CI/CD.',
'<div class="content"><h2>Latihan Praktis Implementasi CI/CD</h2><p>Lorem ipsum dolor sit amet, consectetur adipiscing elit. Aenean commodo ligula eget dolor. Aenean massa.</p></div>',
'.content { padding: 20px; } .content h2 { color: #34495e; }',
2),
(35, 69, 'Pengantar Konsep Jaringan Komputer', 'Materi pengantar konsep dasar Jaringan Komputer.',
'<div class="content"><h1>Pengantar Konsep Jaringan Komputer</h1><p>Lorem ipsum dolor sit amet, consectetur adipiscing elit. Integer nec odio. Praesent libero. Sed cursus ante dapibus diam.</p><ul><li>Definisi Jaringan Komputer</li><li>Manfaat</li><li>Contoh sederhana</li></ul></div>',
'.content { padding: 20px; line-height: 1.6; } .content h1 { color: #2c3e50; margin-bottom: 20px; } .content ul { margin-left: 20px; } .content li { margin: 10px 0; }',
1),
(35, 69, 'Studi Kasus Jaringan Komputer', 'Studi kasus penerapan Jaringan Komputer.',
'<div class="content"><h2>Studi Kasus Jaringan Komputer</h2><p>Lorem ipsum dolor sit amet, consectetur adipiscing elit. Aenean commodo ligula eget dolor. Aenean massa.</p><ol><li>Kasus 1 Jaringan Komputer</li><li>Kasus 2 Jaringan Komputer</li></ol></div>',
'.content { padding: 20px; } .content h2 { color: #34495e; } .content ol { margin: 20px 0; } .content li { margin: 10px 0; }',
2),
(35, 70, 'Pengantar Praktis Jaringan Komputer', 'Materi pengantar praktik Jaringan Komputer.',
'<div class="content"><h1>Pengantar Praktis Jaringan Komputer</h1><p>Lorem ipsum dolor sit amet, consectetur adipiscing elit. Integer nec odio. Praesent libero. Sed cursus ante dapibus diam.</p></div>',
'.content { padding: 20px; } .content h1 { color: #2c3e50; }',
1),
(35, 70, 'Latihan Praktis Jaringan Komputer', 'Latihan dan tugas praktik Jaringan Komputer.',
'<div class="content"><h2>Latihan Praktis Jaringan Komputer</h2><p>Lorem ipsum dolor sit amet, consectetur adipiscing elit. Aenean commodo ligula eget dolor. Aenean massa.</p></div>',
'.content { padding: 20px; } .content h2 { color: #34495e; }',
2),
(36, 71, 'Pengantar Konsep Arsitektur Microservices', 'Materi pengantar konsep dasar Arsitektur Microservices.',
'<div class="content"><h1>Pengantar Konsep Arsitektur Microservices</h1><p>Lorem ipsum dolor sit amet, consectetur adipiscing elit. Integer nec odio. Praesent libero. Sed cursus ante dapibus diam.</p><ul><li>Definisi Arsitektur Microservices</li><li>Manfaat</li><li>Contoh sederhana</li></ul></div>',
'.content { padding: 20px; line-height: 1.6; } .content h1 { color: #2c3e50; margin-bottom: 20px; } .content ul { margin-left: 20px; } .content li { margin: 10px 0; }',
1),
(36, 71, 'Studi Kasus Arsitektur Microservices', 'Studi kasus penerapan Arsitektur Microservices.',
'<div class="content"><h2>Studi Kasus Arsitektur Microservices</h2><p>Lorem ipsum dolor sit amet, consectetur adipiscing elit. Aenean commodo ligula eget dolor. Aenean massa.</p><ol><li>Kasus 1 Arsitektur Microservices</li><li>Kasus 2 Arsitektur Microservices</li></ol></div>',
'.content { padding: 20px; } .content h2 { color: #34495e; } .content ol { margin: 20px 0; } .content li { margin: 10px 0; }',
2),
(36, 72, 'Pengantar Praktis Arsitektur Microservices', 'Materi pengantar praktik Arsitektur Microservices.',
'<div class="content"><h1>Pengantar Praktis Arsitektur Microservices</h1><p>Lorem ipsum dolor sit amet, consectetur adipiscing elit. Integer nec odio. Praesent libero. Sed cursus ante dapibus diam.</p></div>',
'.content { padding: 20px; } .content h1 { color: #2c3e50; }',
1),
(36, 72, 'Latihan Praktis Arsitektur Microservices', 'Latihan dan tugas praktik Arsitektur Microservices.',
'<div class="content"><h2>Latihan Praktis Arsitektur Microservices</h2><p>Lorem ipsum dolor sit amet, consectetur adipiscing elit. Aenean commodo ligula eget dolor. Aenean massa.</p></div>',
'.content { padding: 20px; } .content h2 { color: #34495e; }',
2),
(37, 73, 'Pengantar Konsep Linux System Administrator', 'Materi pengantar konsep dasar Linux System Administrator.',
'<div class="content"><h1>Pengantar Konsep Linux System Administrator</h1><p>Lorem ipsum dolor sit amet, consectetur adipiscing elit. Integer nec odio. Praesent libero. Sed cursus ante dapibus diam.</p><ul><li>Definisi Linux System Administrator</li><li>Manfaat</li><li>Contoh sederhana</li></ul></div>',
'.content { padding: 20px; line-height: 1.6; } .content h1 { color: #2c3e50; margin-bottom: 20px; } .content ul { margin-left: 20px; } .content li { margin: 10px 0; }',
1),
(37, 73, 'Studi Kasus Linux System Administrator', 'Studi kasus penerapan Linux System Administrator.',
'<div class="content"><h2>Studi Kasus Linux System Administrator</h2><p>Lorem ipsum dolor sit amet, consectetur adipiscing elit. Aenean commodo ligula eget dolor. Aenean massa.</p><ol><li>Kasus 1 Linux System Administrator</li><li>Kasus 2 Linux System Administrator</li></ol></div>',
'.content { padding: 20px; } .content h2 { color: #34495e; } .content ol { margin: 20px 0; } .content li { margin: 10px 0; }',
2),
(37, 74, 'Pengantar Praktis Linux System Administrator', 'Materi pengantar praktik Linux System Administrator.',
'<div class="content"><h1>Pengantar Praktis Linux System Administrator</h1><p>Lorem ipsum dolor sit amet, consectetur adipiscing elit. Integer nec odio. Praesent libero. Sed cursus ante dapibus diam.</p></div>',
'.content { padding: 20px; } .content h1 { color: #2c3e50; }',
1),
(37, 74, 'Latihan Praktis Linux System Administrator', 'Latihan dan tugas praktik Linux System Administrator.',
'<div class="content"><h2>Latihan Praktis Linux System Administrator</h2><p>Lorem ipsum dolor sit amet, consectetur adipiscing elit. Aenean commodo ligula eget dolor. Aenean massa.</p></div>',
'.content { padding: 20px; } .content h2 { color: #34495e; }',
2),
(38, 75, 'Pengantar Konsep Dasar JavaScript', 'Materi pengantar konsep dasar Dasar JavaScript.',
'<div class="content"><h1>Pengantar Konsep Dasar JavaScript</h1><p>Lorem ipsum dolor sit amet, consectetur adipiscing elit. Integer nec odio. Praesent libero. Sed cursus ante dapibus diam.</p><ul><li>Definisi Dasar JavaScript</li><li>Manfaat</li><li>Contoh sederhana</li></ul></div>',
'.content { padding: 20px; line-height: 1.6; } .content h1 { color: #2c3e50; margin-bottom: 20px; } .content ul { margin-left: 20px; } .content li { margin: 10px 0; }',
1),
(38, 75, 'Studi Kasus Dasar JavaScript', 'Studi kasus penerapan Dasar JavaScript.',
'<div class="content"><h2>Studi Kasus Dasar JavaScript</h2><p>Lorem ipsum dolor sit amet, consectetur adipiscing elit. Aenean commodo ligula eget dolor. Aenean massa.</p><ol><li>Kasus 1 Dasar JavaScript</li><li>Kasus 2 Dasar JavaScript</li></ol></div>',
'.content { padding: 20px; } .content h2 { color: #34495e; } .content ol { margin: 20px 0; } .content li { margin: 10px 0; }',
2),
(38, 76, 'Pengantar Praktis Dasar JavaScript', 'Materi pengantar praktik Dasar JavaScript.',
'<div class="content"><h1>Pengantar Praktis Dasar JavaScript</h1><p>Lorem ipsum dolor sit amet, consectetur adipiscing elit. Integer nec odio. Praesent libero. Sed cursus ante dapibus diam.</p></div>',
'.content { padding: 20px; } .content h1 { color: #2c3e50; }',
1),
(38, 76, 'Latihan Praktis Dasar JavaScript', 'Latihan dan tugas praktik Dasar JavaScript.',
'<div class="content"><h2>Latihan Praktis Dasar JavaScript</h2><p>Lorem ipsum dolor sit amet, consectetur adipiscing elit. Aenean commodo ligula eget dolor. Aenean massa.</p></div>',
'.content { padding: 20px; } .content h2 { color: #34495e; }',
2),
(39, 77, 'Pengantar Konsep Dasar Pemrograman Web', 'Materi pengantar konsep dasar Dasar Pemrograman Web.',
'<div class="content"><h1>Pengantar Konsep Dasar Pemrograman Web</h1><p>Lorem ipsum dolor sit amet, consectetur adipiscing elit. Integer nec odio. Praesent libero. Sed cursus ante dapibus diam.</p><ul><li>Definisi Dasar Pemrograman Web</li><li>Manfaat</li><li>Contoh sederhana</li></ul></div>',
'.content { padding: 20px; line-height: 1.6; } .content h1 { color: #2c3e50; margin-bottom: 20px; } .content ul { margin-left: 20px; } .content li { margin: 10px 0; }',
1),
(39, 77, 'Studi Kasus Dasar Pemrograman Web', 'Studi kasus penerapan Dasar Pemrograman Web.',
'<div class="content"><h2>Studi Kasus Dasar Pemrograman Web</h2><p>Lorem ipsum dolor sit amet, consectetur adipiscing elit. Aenean commodo ligula eget dolor. Aenean massa.</p><ol><li>Kasus 1 Dasar Pemrograman Web</li><li>Kasus 2 Dasar Pemrograman Web</li></ol></div>',
'.content { padding: 20px; } .content h2 { color: #34495e; } .content ol { margin: 20px 0; } .content li { margin: 10px 0; }',
2),
(39, 78, 'Pengantar Praktis Dasar Pemrograman Web', 'Materi pengantar praktik Dasar Pemrograman Web.',
'<div class="content"><h1>Pengantar Praktis Dasar Pemrograman Web</h1><p>Lorem ipsum dolor sit amet, consectetur adipiscing elit. Integer nec odio. Praesent libero. Sed cursus ante dapibus diam.</p></div>',
'.content { padding: 20px; } .content h1 { color: #2c3e50; }',
1),
(39, 78, 'Latihan Praktis Dasar Pemrograman Web', 'Latihan dan tugas praktik Dasar Pemrograman Web.',
'<div class="content"><h2>Latihan Praktis Dasar Pemrograman Web</h2><p>Lorem ipsum dolor sit amet, consectetur adipiscing elit. Aenean commodo ligula eget dolor. Aenean massa.</p></div>',
'.content { padding: 20px; } .content h2 { color: #34495e; }',
2),
(40, 79, 'Pengantar Konsep Fundamental Front-End Web', 'Materi pengantar konsep dasar Fundamental Front-End Web.',
'<div class="content"><h1>Pengantar Konsep Fundamental Front-End Web</h1><p>Lorem ipsum dolor sit amet, consectetur adipiscing elit. Integer nec odio. Praesent libero. Sed cursus ante dapibus diam.</p><ul><li>Definisi Fundamental Front-End Web</li><li>Manfaat</li><li>Contoh sederhana</li></ul></div>',
'.content { padding: 20px; line-height: 1.6; } .content h1 { color: #2c3e50; margin-bottom: 20px; } .content ul { margin-left: 20px; } .content li { margin: 10px 0; }',
1),
(40, 79, 'Studi Kasus Fundamental Front-End Web', 'Studi kasus penerapan Fundamental Front-End Web.',
'<div class="content"><h2>Studi Kasus Fundamental Front-End Web</h2><p>Lorem ipsum dolor sit amet, consectetur adipiscing elit. Aenean commodo ligula eget dolor. Aenean massa.</p><ol><li>Kasus 1 Fundamental Front-End Web</li><li>Kasus 2 Fundamental Front-End Web</li></ol></div>',
'.content { padding: 20px; } .content h2 { color: #34495e; } .content ol { margin: 20px 0; } .content li { margin: 10px 0; }',
2),
(40, 80, 'Pengantar Praktis Fundamental Front-End Web', 'Materi pengantar praktik Fundamental Front-End Web.',
'<div class="content"><h1>Pengantar Praktis Fundamental Front-End Web</h1><p>Lorem ipsum dolor sit amet, consectetur adipiscing elit. Integer nec odio. Praesent libero. Sed cursus ante dapibus diam.</p></div>',
'.content { padding: 20px; } .content h1 { color: #2c3e50; }',
1),
(40, 80, 'Latihan Praktis Fundamental Front-End Web', 'Latihan dan tugas praktik Fundamental Front-End Web.',
'<div class="content"><h2>Latihan Praktis Fundamental Front-End Web</h2><p>Lorem ipsum dolor sit amet, consectetur adipiscing elit. Aenean commodo ligula eget dolor. Aenean massa.</p></div>',
'.content { padding: 20px; } .content h2 { color: #34495e; }',
2),
(41, 81, 'Pengantar Konsep Front-End Web Pemula', 'Materi pengantar konsep dasar Front-End Web Pemula.',
'<div class="content"><h1>Pengantar Konsep Front-End Web Pemula</h1><p>Lorem ipsum dolor sit amet, consectetur adipiscing elit. Integer nec odio. Praesent libero. Sed cursus ante dapibus diam.</p><ul><li>Definisi Front-End Web Pemula</li><li>Manfaat</li><li>Contoh sederhana</li></ul></div>',
'.content { padding: 20px; line-height: 1.6; } .content h1 { color: #2c3e50; margin-bottom: 20px; } .content ul { margin-left: 20px; } .content li { margin: 10px 0; }',
1),
(41, 81, 'Studi Kasus Front-End Web Pemula', 'Studi kasus penerapan Front-End Web Pemula.',
'<div class="content"><h2>Studi Kasus Front-End Web Pemula</h2><p>Lorem ipsum dolor sit amet, consectetur adipiscing elit. Aenean commodo ligula eget dolor. Aenean massa.</p><ol><li>Kasus 1 Front-End Web Pemula</li><li>Kasus 2 Front-End Web Pemula</li></ol></div>',
'.content { padding: 20px; } .content h2 { color: #34495e; } .content ol { margin: 20px 0; } .content li { margin: 10px 0; }',
2),
(41, 82, 'Pengantar Praktis Front-End Web Pemula', 'Materi pengantar praktik Front-End Web Pemula.',
'<div class="content"><h1>Pengantar Praktis Front-End Web Pemula</h1><p>Lorem ipsum dolor sit amet, consectetur adipiscing elit. Integer nec odio. Praesent libero. Sed cursus ante dapibus diam.</p></div>',
'.content { padding: 20px; } .content h1 { color: #2c3e50; }',
1),
(41, 82, 'Latihan Praktis Front-End Web Pemula', 'Latihan dan tugas praktik Front-End Web Pemula.',
'<div class="content"><h2>Latihan Praktis Front-End Web Pemula</h2><p>Lorem ipsum dolor sit amet, consectetur adipiscing elit. Aenean commodo ligula eget dolor. Aenean massa.</p></div>',
'.content { padding: 20px; } .content h2 { color: #34495e; }',
2),
(42, 83, 'Pengantar Konsep Pengembangan Web Intermediate', 'Materi pengantar konsep dasar Pengembangan Web Intermediate.',
'<div class="content"><h1>Pengantar Konsep Pengembangan Web Intermediate</h1><p>Lorem ipsum dolor sit amet, consectetur adipiscing elit. Integer nec odio. Praesent libero. Sed cursus ante dapibus diam.</p><ul><li>Definisi Pengembangan Web Intermediate</li><li>Manfaat</li><li>Contoh sederhana</li></ul></div>',
'.content { padding: 20px; line-height: 1.6; } .content h1 { color: #2c3e50; margin-bottom: 20px; } .content ul { margin-left: 20px; } .content li { margin: 10px 0; }',
1),
(42, 83, 'Studi Kasus Pengembangan Web Intermediate', 'Studi kasus penerapan Pengembangan Web Intermediate.',
'<div class="content"><h2>Studi Kasus Pengembangan Web Intermediate</h2><p>Lorem ipsum dolor sit amet, consectetur adipiscing elit. Aenean commodo ligula eget dolor. Aenean massa.</p><ol><li>Kasus 1 Pengembangan Web Intermediate</li><li>Kasus 2 Pengembangan Web Intermediate</li></ol></div>',
'.content { padding: 20px; } .content h2 { color: #34495e; } .content ol { margin: 20px 0; } .content li { margin: 10px 0; }',
2),
(42, 84, 'Pengantar Praktis Pengembangan Web Intermediate', 'Materi pengantar praktik Pengembangan Web Intermediate.',
'<div class="content"><h1>Pengantar Praktis Pengembangan Web Intermediate</h1><p>Lorem ipsum dolor sit amet, consectetur adipiscing elit. Integer nec odio. Praesent libero. Sed cursus ante dapibus diam.</p></div>',
'.content { padding: 20px; } .content h1 { color: #2c3e50; }',
1),
(42, 84, 'Latihan Praktis Pengembangan Web Intermediate', 'Latihan dan tugas praktik Pengembangan Web Intermediate.',
'<div class="content"><h2>Latihan Praktis Pengembangan Web Intermediate</h2><p>Lorem ipsum dolor sit amet, consectetur adipiscing elit. Aenean commodo ligula eget dolor. Aenean massa.</p></div>',
'.content { padding: 20px; } .content h2 { color: #34495e; }',
2),
(43, 85, 'Pengantar Konsep AI', 'Materi pengantar konsep dasar AI.',
'<div class="content"><h1>Pengantar Konsep AI</h1><p>Lorem ipsum dolor sit amet, consectetur adipiscing elit. Integer nec odio. Praesent libero. Sed cursus ante dapibus diam.</p><ul><li>Definisi AI</li><li>Manfaat</li><li>Contoh sederhana</li></ul></div>',
'.content { padding: 20px; line-height: 1.6; } .content h1 { color: #2c3e50; margin-bottom: 20px; } .content ul { margin-left: 20px; } .content li { margin: 10px 0; }',
1),
(43, 85, 'Studi Kasus AI', 'Studi kasus penerapan AI.',
'<div class="content"><h2>Studi Kasus AI</h2><p>Lorem ipsum dolor sit amet, consectetur adipiscing elit. Aenean commodo ligula eget dolor. Aenean massa.</p><ol><li>Kasus 1 AI</li><li>Kasus 2 AI</li></ol></div>',
'.content { padding: 20px; } .content h2 { color: #34495e; } .content ol { margin: 20px 0; } .content li { margin: 10px 0; }',
2),
(43, 86, 'Pengantar Praktis AI', 'Materi pengantar praktik AI.',
'<div class="content"><h1>Pengantar Praktis AI</h1><p>Lorem ipsum dolor sit amet, consectetur adipiscing elit. Integer nec odio. Praesent libero. Sed cursus ante dapibus diam.</p></div>',
'.content { padding: 20px; } .content h1 { color: #2c3e50; }',
1),
(43, 86, 'Latihan Praktis AI', 'Latihan dan tugas praktik AI.',
'<div class="content"><h2>Latihan Praktis AI</h2><p>Lorem ipsum dolor sit amet, consectetur adipiscing elit. Aenean commodo ligula eget dolor. Aenean massa.</p></div>',
'.content { padding: 20px; } .content h2 { color: #34495e; }',
2),
(44, 87, 'Pengantar Konsep Deep Learning', 'Materi pengantar konsep dasar Deep Learning.',
'<div class="content"><h1>Pengantar Konsep Deep Learning</h1><p>Lorem ipsum dolor sit amet, consectetur adipiscing elit. Integer nec odio. Praesent libero. Sed cursus ante dapibus diam.</p><ul><li>Definisi Deep Learning</li><li>Manfaat</li><li>Contoh sederhana</li></ul></div>',
'.content { padding: 20px; line-height: 1.6; } .content h1 { color: #2c3e50; margin-bottom: 20px; } .content ul { margin-left: 20px; } .content li { margin: 10px 0; }',
1),
(44, 87, 'Studi Kasus Deep Learning', 'Studi kasus penerapan Deep Learning.',
'<div class="content"><h2>Studi Kasus Deep Learning</h2><p>Lorem ipsum dolor sit amet, consectetur adipiscing elit. Aenean commodo ligula eget dolor. Aenean massa.</p><ol><li>Kasus 1 Deep Learning</li><li>Kasus 2 Deep Learning</li></ol></div>',
'.content { padding: 20px; } .content h2 { color: #34495e; } .content ol { margin: 20px 0; } .content li { margin: 10px 0; }',
2),
(44, 88, 'Pengantar Praktis Deep Learning', 'Materi pengantar praktik Deep Learning.',
'<div class="content"><h1>Pengantar Praktis Deep Learning</h1><p>Lorem ipsum dolor sit amet, consectetur adipiscing elit. Integer nec odio. Praesent libero. Sed cursus ante dapibus diam.</p></div>',
'.content { padding: 20px; } .content h1 { color: #2c3e50; }',
1),
(44, 88, 'Latihan Praktis Deep Learning', 'Latihan dan tugas praktik Deep Learning.',
'<div class="content"><h2>Latihan Praktis Deep Learning</h2><p>Lorem ipsum dolor sit amet, consectetur adipiscing elit. Aenean commodo ligula eget dolor. Aenean massa.</p></div>',
'.content { padding: 20px; } .content h2 { color: #34495e; }',
2),
(45, 89, 'Pengantar Konsep Machine Learning Pemula', 'Materi pengantar konsep dasar Machine Learning Pemula.',
'<div class="content"><h1>Pengantar Konsep Machine Learning Pemula</h1><p>Lorem ipsum dolor sit amet, consectetur adipiscing elit. Integer nec odio. Praesent libero. Sed cursus ante dapibus diam.</p><ul><li>Definisi Machine Learning Pemula</li><li>Manfaat</li><li>Contoh sederhana</li></ul></div>',
'.content { padding: 20px; line-height: 1.6; } .content h1 { color: #2c3e50; margin-bottom: 20px; } .content ul { margin-left: 20px; } .content li { margin: 10px 0; }',
1),
(45, 89, 'Studi Kasus Machine Learning Pemula', 'Studi kasus penerapan Machine Learning Pemula.',
'<div class="content"><h2>Studi Kasus Machine Learning Pemula</h2><p>Lorem ipsum dolor sit amet, consectetur adipiscing elit. Aenean commodo ligula eget dolor. Aenean massa.</p><ol><li>Kasus 1 Machine Learning Pemula</li><li>Kasus 2 Machine Learning Pemula</li></ol></div>',
'.content { padding: 20px; } .content h2 { color: #34495e; } .content ol { margin: 20px 0; } .content li { margin: 10px 0; }',
2),
(45, 90, 'Pengantar Praktis Machine Learning Pemula', 'Materi pengantar praktik Machine Learning Pemula.',
'<div class="content"><h1>Pengantar Praktis Machine Learning Pemula</h1><p>Lorem ipsum dolor sit amet, consectetur adipiscing elit. Integer nec odio. Praesent libero. Sed cursus ante dapibus diam.</p></div>',
'.content { padding: 20px; } .content h1 { color: #2c3e50; }',
1),
(45, 90, 'Latihan Praktis Machine Learning Pemula', 'Latihan dan tugas praktik Machine Learning Pemula.',
'<div class="content"><h2>Latihan Praktis Machine Learning Pemula</h2><p>Lorem ipsum dolor sit amet, consectetur adipiscing elit. Aenean commodo ligula eget dolor. Aenean massa.</p></div>',
'.content { padding: 20px; } .content h2 { color: #34495e; }',
2),
(46, 91, 'Pengantar Konsep Pemrograman Python', 'Materi pengantar konsep dasar Pemrograman Python.',
'<div class="content"><h1>Pengantar Konsep Pemrograman Python</h1><p>Lorem ipsum dolor sit amet, consectetur adipiscing elit. Integer nec odio. Praesent libero. Sed cursus ante dapibus diam.</p><ul><li>Definisi Pemrograman Python</li><li>Manfaat</li><li>Contoh sederhana</li></ul></div>',
'.content { padding: 20px; line-height: 1.6; } .content h1 { color: #2c3e50; margin-bottom: 20px; } .content ul { margin-left: 20px; } .content li { margin: 10px 0; }',
1),
(46, 91, 'Studi Kasus Pemrograman Python', 'Studi kasus penerapan Pemrograman Python.',
'<div class="content"><h2>Studi Kasus Pemrograman Python</h2><p>Lorem ipsum dolor sit amet, consectetur adipiscing elit. Aenean commodo ligula eget dolor. Aenean massa.</p><ol><li>Kasus 1 Pemrograman Python</li><li>Kasus 2 Pemrograman Python</li></ol></div>',
'.content { padding: 20px; } .content h2 { color: #34495e; } .content ol { margin: 20px 0; } .content li { margin: 10px 0; }',
2),
(46, 92, 'Pengantar Praktis Pemrograman Python', 'Materi pengantar praktik Pemrograman Python.',
'<div class="content"><h1>Pengantar Praktis Pemrograman Python</h1><p>Lorem ipsum dolor sit amet, consectetur adipiscing elit. Integer nec odio. Praesent libero. Sed cursus ante dapibus diam.</p></div>',
'.content { padding: 20px; } .content h1 { color: #2c3e50; }',
1),
(46, 92, 'Latihan Praktis Pemrograman Python', 'Latihan dan tugas praktik Pemrograman Python.',
'<div class="content"><h2>Latihan Praktis Pemrograman Python</h2><p>Lorem ipsum dolor sit amet, consectetur adipiscing elit. Aenean commodo ligula eget dolor. Aenean massa.</p></div>',
'.content { padding: 20px; } .content h2 { color: #34495e; }',
2),
(47, 93, 'Pengantar Konsep Prompt Engineering', 'Materi pengantar konsep dasar Prompt Engineering.',
'<div class="content"><h1>Pengantar Konsep Prompt Engineering</h1><p>Lorem ipsum dolor sit amet, consectetur adipiscing elit. Integer nec odio. Praesent libero. Sed cursus ante dapibus diam.</p><ul><li>Definisi Prompt Engineering</li><li>Manfaat</li><li>Contoh sederhana</li></ul></div>',
'.content { padding: 20px; line-height: 1.6; } .content h1 { color: #2c3e50; margin-bottom: 20px; } .content ul { margin-left: 20px; } .content li { margin: 10px 0; }',
1),
(47, 93, 'Studi Kasus Prompt Engineering', 'Studi kasus penerapan Prompt Engineering.',
'<div class="content"><h2>Studi Kasus Prompt Engineering</h2><p>Lorem ipsum dolor sit amet, consectetur adipiscing elit. Aenean commodo ligula eget dolor. Aenean massa.</p><ol><li>Kasus 1 Prompt Engineering</li><li>Kasus 2 Prompt Engineering</li></ol></div>',
'.content { padding: 20px; } .content h2 { color: #34495e; } .content ol { margin: 20px 0; } .content li { margin: 10px 0; }',
2),
(47, 94, 'Pengantar Praktis Prompt Engineering', 'Materi pengantar praktik Prompt Engineering.',
'<div class="content"><h1>Pengantar Praktis Prompt Engineering</h1><p>Lorem ipsum dolor sit amet, consectetur adipiscing elit. Integer nec odio. Praesent libero. Sed cursus ante dapibus diam.</p></div>',
'.content { padding: 20px; } .content h1 { color: #2c3e50; }',
1),
(47, 94, 'Latihan Praktis Prompt Engineering', 'Latihan dan tugas praktik Prompt Engineering.',
'<div class="content"><h2>Latihan Praktis Prompt Engineering</h2><p>Lorem ipsum dolor sit amet, consectetur adipiscing elit. Aenean commodo ligula eget dolor. Aenean massa.</p></div>',
'.content { padding: 20px; } .content h2 { color: #34495e; }',
2),
(48, 95, 'Pengantar Konsep Dasar Google Cloud', 'Materi pengantar konsep dasar Dasar Google Cloud.',
'<div class="content"><h1>Pengantar Konsep Dasar Google Cloud</h1><p>Lorem ipsum dolor sit amet, consectetur adipiscing elit. Integer nec odio. Praesent libero. Sed cursus ante dapibus diam.</p><ul><li>Definisi Dasar Google Cloud</li><li>Manfaat</li><li>Contoh sederhana</li></ul></div>',
'.content { padding: 20px; line-height: 1.6; } .content h1 { color: #2c3e50; margin-bottom: 20px; } .content ul { margin-left: 20px; } .content li { margin: 10px 0; }',
1),
(48, 95, 'Studi Kasus Dasar Google Cloud', 'Studi kasus penerapan Dasar Google Cloud.',
'<div class="content"><h2>Studi Kasus Dasar Google Cloud</h2><p>Lorem ipsum dolor sit amet, consectetur adipiscing elit. Aenean commodo ligula eget dolor. Aenean massa.</p><ol><li>Kasus 1 Dasar Google Cloud</li><li>Kasus 2 Dasar Google Cloud</li></ol></div>',
'.content { padding: 20px; } .content h2 { color: #34495e; } .content ol { margin: 20px 0; } .content li { margin: 10px 0; }',
2),
(48, 96, 'Pengantar Praktis Dasar Google Cloud', 'Materi pengantar praktik Dasar Google Cloud.',
'<div class="content"><h1>Pengantar Praktis Dasar Google Cloud</h1><p>Lorem ipsum dolor sit amet, consectetur adipiscing elit. Integer nec odio. Praesent libero. Sed cursus ante dapibus diam.</p></div>',
'.content { padding: 20px; } .content h1 { color: #2c3e50; }',
1),
(48, 96, 'Latihan Praktis Dasar Google Cloud', 'Latihan dan tugas praktik Dasar Google Cloud.',
'<div class="content"><h2>Latihan Praktis Dasar Google Cloud</h2><p>Lorem ipsum dolor sit amet, consectetur adipiscing elit. Aenean commodo ligula eget dolor. Aenean massa.</p></div>',
'.content { padding: 20px; } .content h2 { color: #34495e; }',
2),
(49, 97, 'Pengantar Konsep Dasar JavaScript', 'Materi pengantar konsep dasar Dasar JavaScript.',
'<div class="content"><h1>Pengantar Konsep Dasar JavaScript</h1><p>Lorem ipsum dolor sit amet, consectetur adipiscing elit. Integer nec odio. Praesent libero. Sed cursus ante dapibus diam.</p><ul><li>Definisi Dasar JavaScript</li><li>Manfaat</li><li>Contoh sederhana</li></ul></div>',
'.content { padding: 20px; line-height: 1.6; } .content h1 { color: #2c3e50; margin-bottom: 20px; } .content ul { margin-left: 20px; } .content li { margin: 10px 0; }',
1),
(49, 97, 'Studi Kasus Dasar JavaScript', 'Studi kasus penerapan Dasar JavaScript.',
'<div class="content"><h2>Studi Kasus Dasar JavaScript</h2><p>Lorem ipsum dolor sit amet, consectetur adipiscing elit. Aenean commodo ligula eget dolor. Aenean massa.</p><ol><li>Kasus 1 Dasar JavaScript</li><li>Kasus 2 Dasar JavaScript</li></ol></div>',
'.content { padding: 20px; } .content h2 { color: #34495e; } .content ol { margin: 20px 0; } .content li { margin: 10px 0; }',
2),
(49, 98, 'Pengantar Praktis Dasar JavaScript', 'Materi pengantar praktik Dasar JavaScript.',
'<div class="content"><h1>Pengantar Praktis Dasar JavaScript</h1><p>Lorem ipsum dolor sit amet, consectetur adipiscing elit. Integer nec odio. Praesent libero. Sed cursus ante dapibus diam.</p></div>',
'.content { padding: 20px; } .content h1 { color: #2c3e50; }',
1),
(49, 98, 'Latihan Praktis Dasar JavaScript', 'Latihan dan tugas praktik Dasar JavaScript.',
'<div class="content"><h2>Latihan Praktis Dasar JavaScript</h2><p>Lorem ipsum dolor sit amet, consectetur adipiscing elit. Aenean commodo ligula eget dolor. Aenean massa.</p></div>',
'.content { padding: 20px; } .content h2 { color: #34495e; }',
2),
(50, 99, 'Pengantar Konsep Back-End Google Cloud Pemula', 'Materi pengantar konsep dasar Back-End Google Cloud Pemula.',
'<div class="content"><h1>Pengantar Konsep Back-End Google Cloud Pemula</h1><p>Lorem ipsum dolor sit amet, consectetur adipiscing elit. Integer nec odio. Praesent libero. Sed cursus ante dapibus diam.</p><ul><li>Definisi Back-End Google Cloud Pemula</li><li>Manfaat</li><li>Contoh sederhana</li></ul></div>',
'.content { padding: 20px; line-height: 1.6; } .content h1 { color: #2c3e50; margin-bottom: 20px; } .content ul { margin-left: 20px; } .content li { margin: 10px 0; }',
1),
(50, 99, 'Studi Kasus Back-End Google Cloud Pemula', 'Studi kasus penerapan Back-End Google Cloud Pemula.',
'<div class="content"><h2>Studi Kasus Back-End Google Cloud Pemula</h2><p>Lorem ipsum dolor sit amet, consectetur adipiscing elit. Aenean commodo ligula eget dolor. Aenean massa.</p><ol><li>Kasus 1 Back-End Google Cloud Pemula</li><li>Kasus 2 Back-End Google Cloud Pemula</li></ol></div>',
'.content { padding: 20px; } .content h2 { color: #34495e; } .content ol { margin: 20px 0; } .content li { margin: 10px 0; }',
2),
(50, 100, 'Pengantar Praktis Back-End Google Cloud Pemula', 'Materi pengantar praktik Back-End Google Cloud Pemula.',
'<div class="content"><h1>Pengantar Praktis Back-End Google Cloud Pemula</h1><p>Lorem ipsum dolor sit amet, consectetur adipiscing elit. Integer nec odio. Praesent libero. Sed cursus ante dapibus diam.</p></div>',
'.content { padding: 20px; } .content h1 { color: #2c3e50; }',
1),
(50, 100, 'Latihan Praktis Back-End Google Cloud Pemula', 'Latihan dan tugas praktik Back-End Google Cloud Pemula.',
'<div class="content"><h2>Latihan Praktis Back-End Google Cloud Pemula</h2><p>Lorem ipsum dolor sit amet, consectetur adipiscing elit. Aenean commodo ligula eget dolor. Aenean massa.</p></div>',
'.content { padding: 20px; } .content h2 { color: #34495e; }',
2),
(51, 101, 'Pengantar Konsep Google Cloud Architect', 'Materi pengantar konsep dasar Google Cloud Architect.',
'<div class="content"><h1>Pengantar Konsep Google Cloud Architect</h1><p>Lorem ipsum dolor sit amet, consectetur adipiscing elit. Integer nec odio. Praesent libero. Sed cursus ante dapibus diam.</p><ul><li>Definisi Google Cloud Architect</li><li>Manfaat</li><li>Contoh sederhana</li></ul></div>',
'.content { padding: 20px; line-height: 1.6; } .content h1 { color: #2c3e50; margin-bottom: 20px; } .content ul { margin-left: 20px; } .content li { margin: 10px 0; }',
1),
(51, 101, 'Studi Kasus Google Cloud Architect', 'Studi kasus penerapan Google Cloud Architect.',
'<div class="content"><h2>Studi Kasus Google Cloud Architect</h2><p>Lorem ipsum dolor sit amet, consectetur adipiscing elit. Aenean commodo ligula eget dolor. Aenean massa.</p><ol><li>Kasus 1 Google Cloud Architect</li><li>Kasus 2 Google Cloud Architect</li></ol></div>',
'.content { padding: 20px; } .content h2 { color: #34495e; } .content ol { margin: 20px 0; } .content li { margin: 10px 0; }',
2),
(51, 102, 'Pengantar Praktis Google Cloud Architect', 'Materi pengantar praktik Google Cloud Architect.',
'<div class="content"><h1>Pengantar Praktis Google Cloud Architect</h1><p>Lorem ipsum dolor sit amet, consectetur adipiscing elit. Integer nec odio. Praesent libero. Sed cursus ante dapibus diam.</p></div>',
'.content { padding: 20px; } .content h1 { color: #2c3e50; }',
1),
(51, 102, 'Latihan Praktis Google Cloud Architect', 'Latihan dan tugas praktik Google Cloud Architect.',
'<div class="content"><h2>Latihan Praktis Google Cloud Architect</h2><p>Lorem ipsum dolor sit amet, consectetur adipiscing elit. Aenean commodo ligula eget dolor. Aenean massa.</p></div>',
'.content { padding: 20px; } .content h2 { color: #34495e; }',
2),
(52, 103, 'Pengantar Konsep Google Cloud Engineer', 'Materi pengantar konsep dasar Google Cloud Engineer.',
'<div class="content"><h1>Pengantar Konsep Google Cloud Engineer</h1><p>Lorem ipsum dolor sit amet, consectetur adipiscing elit. Integer nec odio. Praesent libero. Sed cursus ante dapibus diam.</p><ul><li>Definisi Google Cloud Engineer</li><li>Manfaat</li><li>Contoh sederhana</li></ul></div>',
'.content { padding: 20px; line-height: 1.6; } .content h1 { color: #2c3e50; margin-bottom: 20px; } .content ul { margin-left: 20px; } .content li { margin: 10px 0; }',
1),
(52, 103, 'Studi Kasus Google Cloud Engineer', 'Studi kasus penerapan Google Cloud Engineer.',
'<div class="content"><h2>Studi Kasus Google Cloud Engineer</h2><p>Lorem ipsum dolor sit amet, consectetur adipiscing elit. Aenean commodo ligula eget dolor. Aenean massa.</p><ol><li>Kasus 1 Google Cloud Engineer</li><li>Kasus 2 Google Cloud Engineer</li></ol></div>',
'.content { padding: 20px; } .content h2 { color: #34495e; } .content ol { margin: 20px 0; } .content li { margin: 10px 0; }',
2),
(52, 104, 'Pengantar Praktis Google Cloud Engineer', 'Materi pengantar praktik Google Cloud Engineer.',
'<div class="content"><h1>Pengantar Praktis Google Cloud Engineer</h1><p>Lorem ipsum dolor sit amet, consectetur adipiscing elit. Integer nec odio. Praesent libero. Sed cursus ante dapibus diam.</p></div>',
'.content { padding: 20px; } .content h1 { color: #2c3e50; }',
1),
(52, 104, 'Latihan Praktis Google Cloud Engineer', 'Latihan dan tugas praktik Google Cloud Engineer.',
'<div class="content"><h2>Latihan Praktis Google Cloud Engineer</h2><p>Lorem ipsum dolor sit amet, consectetur adipiscing elit. Aenean commodo ligula eget dolor. Aenean massa.</p></div>',
'.content { padding: 20px; } .content h2 { color: #34495e; }',
2),
(53, 105, 'Pengantar Konsep Aplikasi iOS Fundamental', 'Materi pengantar konsep dasar Aplikasi iOS Fundamental.',
'<div class="content"><h1>Pengantar Konsep Aplikasi iOS Fundamental</h1><p>Lorem ipsum dolor sit amet, consectetur adipiscing elit. Integer nec odio. Praesent libero. Sed cursus ante dapibus diam.</p><ul><li>Definisi Aplikasi iOS Fundamental</li><li>Manfaat</li><li>Contoh sederhana</li></ul></div>',
'.content { padding: 20px; line-height: 1.6; } .content h1 { color: #2c3e50; margin-bottom: 20px; } .content ul { margin-left: 20px; } .content li { margin: 10px 0; }',
1),
(53, 105, 'Studi Kasus Aplikasi iOS Fundamental', 'Studi kasus penerapan Aplikasi iOS Fundamental.',
'<div class="content"><h2>Studi Kasus Aplikasi iOS Fundamental</h2><p>Lorem ipsum dolor sit amet, consectetur adipiscing elit. Aenean commodo ligula eget dolor. Aenean massa.</p><ol><li>Kasus 1 Aplikasi iOS Fundamental</li><li>Kasus 2 Aplikasi iOS Fundamental</li></ol></div>',
'.content { padding: 20px; } .content h2 { color: #34495e; } .content ol { margin: 20px 0; } .content li { margin: 10px 0; }',
2),
(53, 106, 'Pengantar Praktis Aplikasi iOS Fundamental', 'Materi pengantar praktik Aplikasi iOS Fundamental.',
'<div class="content"><h1>Pengantar Praktis Aplikasi iOS Fundamental</h1><p>Lorem ipsum dolor sit amet, consectetur adipiscing elit. Integer nec odio. Praesent libero. Sed cursus ante dapibus diam.</p></div>',
'.content { padding: 20px; } .content h1 { color: #2c3e50; }',
1),
(53, 106, 'Latihan Praktis Aplikasi iOS Fundamental', 'Latihan dan tugas praktik Aplikasi iOS Fundamental.',
'<div class="content"><h2>Latihan Praktis Aplikasi iOS Fundamental</h2><p>Lorem ipsum dolor sit amet, consectetur adipiscing elit. Aenean commodo ligula eget dolor. Aenean massa.</p></div>',
'.content { padding: 20px; } .content h2 { color: #34495e; }',
2),
(54, 107, 'Pengantar Konsep Aplikasi iOS Pemula', 'Materi pengantar konsep dasar Aplikasi iOS Pemula.',
'<div class="content"><h1>Pengantar Konsep Aplikasi iOS Pemula</h1><p>Lorem ipsum dolor sit amet, consectetur adipiscing elit. Integer nec odio. Praesent libero. Sed cursus ante dapibus diam.</p><ul><li>Definisi Aplikasi iOS Pemula</li><li>Manfaat</li><li>Contoh sederhana</li></ul></div>',
'.content { padding: 20px; line-height: 1.6; } .content h1 { color: #2c3e50; margin-bottom: 20px; } .content ul { margin-left: 20px; } .content li { margin: 10px 0; }',
1),
(54, 107, 'Studi Kasus Aplikasi iOS Pemula', 'Studi kasus penerapan Aplikasi iOS Pemula.',
'<div class="content"><h2>Studi Kasus Aplikasi iOS Pemula</h2><p>Lorem ipsum dolor sit amet, consectetur adipiscing elit. Aenean commodo ligula eget dolor. Aenean massa.</p><ol><li>Kasus 1 Aplikasi iOS Pemula</li><li>Kasus 2 Aplikasi iOS Pemula</li></ol></div>',
'.content { padding: 20px; } .content h2 { color: #34495e; } .content ol { margin: 20px 0; } .content li { margin: 10px 0; }',
2),
(54, 108, 'Pengantar Praktis Aplikasi iOS Pemula', 'Materi pengantar praktik Aplikasi iOS Pemula.',
'<div class="content"><h1>Pengantar Praktis Aplikasi iOS Pemula</h1><p>Lorem ipsum dolor sit amet, consectetur adipiscing elit. Integer nec odio. Praesent libero. Sed cursus ante dapibus diam.</p></div>',
'.content { padding: 20px; } .content h1 { color: #2c3e50; }',
1),
(54, 108, 'Latihan Praktis Aplikasi iOS Pemula', 'Latihan dan tugas praktik Aplikasi iOS Pemula.',
'<div class="content"><h2>Latihan Praktis Aplikasi iOS Pemula</h2><p>Lorem ipsum dolor sit amet, consectetur adipiscing elit. Aenean commodo ligula eget dolor. Aenean massa.</p></div>',
'.content { padding: 20px; } .content h2 { color: #34495e; }',
2),
(55, 109, 'Pengantar Konsep Prinsip SOLID', 'Materi pengantar konsep dasar Prinsip SOLID.',
'<div class="content"><h1>Pengantar Konsep Prinsip SOLID</h1><p>Lorem ipsum dolor sit amet, consectetur adipiscing elit. Integer nec odio. Praesent libero. Sed cursus ante dapibus diam.</p><ul><li>Definisi Prinsip SOLID</li><li>Manfaat</li><li>Contoh sederhana</li></ul></div>',
'.content { padding: 20px; line-height: 1.6; } .content h1 { color: #2c3e50; margin-bottom: 20px; } .content ul { margin-left: 20px; } .content li { margin: 10px 0; }',
1),
(55, 109, 'Studi Kasus Prinsip SOLID', 'Studi kasus penerapan Prinsip SOLID.',
'<div class="content"><h2>Studi Kasus Prinsip SOLID</h2><p>Lorem ipsum dolor sit amet, consectetur adipiscing elit. Aenean commodo ligula eget dolor. Aenean massa.</p><ol><li>Kasus 1 Prinsip SOLID</li><li>Kasus 2 Prinsip SOLID</li></ol></div>',
'.content { padding: 20px; } .content h2 { color: #34495e; } .content ol { margin: 20px 0; } .content li { margin: 10px 0; }',
2),
(55, 110, 'Pengantar Praktis Prinsip SOLID', 'Materi pengantar praktik Prinsip SOLID.',
'<div class="content"><h1>Pengantar Praktis Prinsip SOLID</h1><p>Lorem ipsum dolor sit amet, consectetur adipiscing elit. Integer nec odio. Praesent libero. Sed cursus ante dapibus diam.</p></div>',
'.content { padding: 20px; } .content h1 { color: #2c3e50; }',
1),
(55, 110, 'Latihan Praktis Prinsip SOLID', 'Latihan dan tugas praktik Prinsip SOLID.',
'<div class="content"><h2>Latihan Praktis Prinsip SOLID</h2><p>Lorem ipsum dolor sit amet, consectetur adipiscing elit. Aenean commodo ligula eget dolor. Aenean massa.</p></div>',
'.content { padding: 20px; } .content h2 { color: #34495e; }',
2),
(56, 111, 'Pengantar Konsep Pemrograman Swift', 'Materi pengantar konsep dasar Pemrograman Swift.',
'<div class="content"><h1>Pengantar Konsep Pemrograman Swift</h1><p>Lorem ipsum dolor sit amet, consectetur adipiscing elit. Integer nec odio. Praesent libero. Sed cursus ante dapibus diam.</p><ul><li>Definisi Pemrograman Swift</li><li>Manfaat</li><li>Contoh sederhana</li></ul></div>',
'.content { padding: 20px; line-height: 1.6; } .content h1 { color: #2c3e50; margin-bottom: 20px; } .content ul { margin-left: 20px; } .content li { margin: 10px 0; }',
1),
(56, 111, 'Studi Kasus Pemrograman Swift', 'Studi kasus penerapan Pemrograman Swift.',
'<div class="content"><h2>Studi Kasus Pemrograman Swift</h2><p>Lorem ipsum dolor sit amet, consectetur adipiscing elit. Aenean commodo ligula eget dolor. Aenean massa.</p><ol><li>Kasus 1 Pemrograman Swift</li><li>Kasus 2 Pemrograman Swift</li></ol></div>',
'.content { padding: 20px; } .content h2 { color: #34495e; } .content ol { margin: 20px 0; } .content li { margin: 10px 0; }',
2),
(56, 112, 'Pengantar Praktis Pemrograman Swift', 'Materi pengantar praktik Pemrograman Swift.',
'<div class="content"><h1>Pengantar Praktis Pemrograman Swift</h1><p>Lorem ipsum dolor sit amet, consectetur adipiscing elit. Integer nec odio. Praesent libero. Sed cursus ante dapibus diam.</p></div>',
'.content { padding: 20px; } .content h1 { color: #2c3e50; }',
1),
(56, 112, 'Latihan Praktis Pemrograman Swift', 'Latihan dan tugas praktik Pemrograman Swift.',
'<div class="content"><h2>Latihan Praktis Pemrograman Swift</h2><p>Lorem ipsum dolor sit amet, consectetur adipiscing elit. Aenean commodo ligula eget dolor. Aenean massa.</p></div>',
'.content { padding: 20px; } .content h2 { color: #34495e; }',
2),
(57, 113, 'Pengantar Konsep iOS Developer Expert', 'Materi pengantar konsep dasar iOS Developer Expert.',
'<div class="content"><h1>Pengantar Konsep iOS Developer Expert</h1><p>Lorem ipsum dolor sit amet, consectetur adipiscing elit. Integer nec odio. Praesent libero. Sed cursus ante dapibus diam.</p><ul><li>Definisi iOS Developer Expert</li><li>Manfaat</li><li>Contoh sederhana</li></ul></div>',
'.content { padding: 20px; line-height: 1.6; } .content h1 { color: #2c3e50; margin-bottom: 20px; } .content ul { margin-left: 20px; } .content li { margin: 10px 0; }',
1),
(57, 113, 'Studi Kasus iOS Developer Expert', 'Studi kasus penerapan iOS Developer Expert.',
'<div class="content"><h2>Studi Kasus iOS Developer Expert</h2><p>Lorem ipsum dolor sit amet, consectetur adipiscing elit. Aenean commodo ligula eget dolor. Aenean massa.</p><ol><li>Kasus 1 iOS Developer Expert</li><li>Kasus 2 iOS Developer Expert</li></ol></div>',
'.content { padding: 20px; } .content h2 { color: #34495e; } .content ol { margin: 20px 0; } .content li { margin: 10px 0; }',
2),
(57, 114, 'Pengantar Praktis iOS Developer Expert', 'Materi pengantar praktik iOS Developer Expert.',
'<div class="content"><h1>Pengantar Praktis iOS Developer Expert</h1><p>Lorem ipsum dolor sit amet, consectetur adipiscing elit. Integer nec odio. Praesent libero. Sed cursus ante dapibus diam.</p></div>',
'.content { padding: 20px; } .content h1 { color: #2c3e50; }',
1),
(57, 114, 'Latihan Praktis iOS Developer Expert', 'Latihan dan tugas praktik iOS Developer Expert.',
'<div class="content"><h2>Latihan Praktis iOS Developer Expert</h2><p>Lorem ipsum dolor sit amet, consectetur adipiscing elit. Aenean commodo ligula eget dolor. Aenean massa.</p></div>',
'.content { padding: 20px; } .content h2 { color: #34495e; }',
2),
(58, 115, 'Pengantar Konsep AI', 'Materi pengantar konsep dasar AI.',
'<div class="content"><h1>Pengantar Konsep AI</h1><p>Lorem ipsum dolor sit amet, consectetur adipiscing elit. Integer nec odio. Praesent libero. Sed cursus ante dapibus diam.</p><ul><li>Definisi AI</li><li>Manfaat</li><li>Contoh sederhana</li></ul></div>',
'.content { padding: 20px; line-height: 1.6; } .content h1 { color: #2c3e50; margin-bottom: 20px; } .content ul { margin-left: 20px; } .content li { margin: 10px 0; }',
1),
(58, 115, 'Studi Kasus AI', 'Studi kasus penerapan AI.',
'<div class="content"><h2>Studi Kasus AI</h2><p>Lorem ipsum dolor sit amet, consectetur adipiscing elit. Aenean commodo ligula eget dolor. Aenean massa.</p><ol><li>Kasus 1 AI</li><li>Kasus 2 AI</li></ol></div>',
'.content { padding: 20px; } .content h2 { color: #34495e; } .content ol { margin: 20px 0; } .content li { margin: 10px 0; }',
2),
(58, 116, 'Pengantar Praktis AI', 'Materi pengantar praktik AI.',
'<div class="content"><h1>Pengantar Praktis AI</h1><p>Lorem ipsum dolor sit amet, consectetur adipiscing elit. Integer nec odio. Praesent libero. Sed cursus ante dapibus diam.</p></div>',
'.content { padding: 20px; } .content h1 { color: #2c3e50; }',
1),
(58, 116, 'Latihan Praktis AI', 'Latihan dan tugas praktik AI.',
'<div class="content"><h2>Latihan Praktis AI</h2><p>Lorem ipsum dolor sit amet, consectetur adipiscing elit. Aenean commodo ligula eget dolor. Aenean massa.</p></div>',
'.content { padding: 20px; } .content h2 { color: #34495e; }',
2),
(59, 117, 'Pengantar Konsep Deep Learning', 'Materi pengantar konsep dasar Deep Learning.',
'<div class="content"><h1>Pengantar Konsep Deep Learning</h1><p>Lorem ipsum dolor sit amet, consectetur adipiscing elit. Integer nec odio. Praesent libero. Sed cursus ante dapibus diam.</p><ul><li>Definisi Deep Learning</li><li>Manfaat</li><li>Contoh sederhana</li></ul></div>',
'.content { padding: 20px; line-height: 1.6; } .content h1 { color: #2c3e50; margin-bottom: 20px; } .content ul { margin-left: 20px; } .content li { margin: 10px 0; }',
1),
(59, 117, 'Studi Kasus Deep Learning', 'Studi kasus penerapan Deep Learning.',
'<div class="content"><h2>Studi Kasus Deep Learning</h2><p>Lorem ipsum dolor sit amet, consectetur adipiscing elit. Aenean commodo ligula eget dolor. Aenean massa.</p><ol><li>Kasus 1 Deep Learning</li><li>Kasus 2 Deep Learning</li></ol></div>',
'.content { padding: 20px; } .content h2 { color: #34495e; } .content ol { margin: 20px 0; } .content li { margin: 10px 0; }',
2),
(59, 118, 'Pengantar Praktis Deep Learning', 'Materi pengantar praktik Deep Learning.',
'<div class="content"><h1>Pengantar Praktis Deep Learning</h1><p>Lorem ipsum dolor sit amet, consectetur adipiscing elit. Integer nec odio. Praesent libero. Sed cursus ante dapibus diam.</p></div>',
'.content { padding: 20px; } .content h1 { color: #2c3e50; }',
1),
(59, 118, 'Latihan Praktis Deep Learning', 'Latihan dan tugas praktik Deep Learning.',
'<div class="content"><h2>Latihan Praktis Deep Learning</h2><p>Lorem ipsum dolor sit amet, consectetur adipiscing elit. Aenean commodo ligula eget dolor. Aenean massa.</p></div>',
'.content { padding: 20px; } .content h2 { color: #34495e; }',
2),
(60, 119, 'Pengantar Konsep Machine Learning Pemula', 'Materi pengantar konsep dasar Machine Learning Pemula.',
'<div class="content"><h1>Pengantar Konsep Machine Learning Pemula</h1><p>Lorem ipsum dolor sit amet, consectetur adipiscing elit. Integer nec odio. Praesent libero. Sed cursus ante dapibus diam.</p><ul><li>Definisi Machine Learning Pemula</li><li>Manfaat</li><li>Contoh sederhana</li></ul></div>',
'.content { padding: 20px; line-height: 1.6; } .content h1 { color: #2c3e50; margin-bottom: 20px; } .content ul { margin-left: 20px; } .content li { margin: 10px 0; }',
1),
(60, 119, 'Studi Kasus Machine Learning Pemula', 'Studi kasus penerapan Machine Learning Pemula.',
'<div class="content"><h2>Studi Kasus Machine Learning Pemula</h2><p>Lorem ipsum dolor sit amet, consectetur adipiscing elit. Aenean commodo ligula eget dolor. Aenean massa.</p><ol><li>Kasus 1 Machine Learning Pemula</li><li>Kasus 2 Machine Learning Pemula</li></ol></div>',
'.content { padding: 20px; } .content h2 { color: #34495e; } .content ol { margin: 20px 0; } .content li { margin: 10px 0; }',
2),
(60, 120, 'Pengantar Praktis Machine Learning Pemula', 'Materi pengantar praktik Machine Learning Pemula.',
'<div class="content"><h1>Pengantar Praktis Machine Learning Pemula</h1><p>Lorem ipsum dolor sit amet, consectetur adipiscing elit. Integer nec odio. Praesent libero. Sed cursus ante dapibus diam.</p></div>',
'.content { padding: 20px; } .content h1 { color: #2c3e50; }',
1),
(60, 120, 'Latihan Praktis Machine Learning Pemula', 'Latihan dan tugas praktik Machine Learning Pemula.',
'<div class="content"><h2>Latihan Praktis Machine Learning Pemula</h2><p>Lorem ipsum dolor sit amet, consectetur adipiscing elit. Aenean commodo ligula eget dolor. Aenean massa.</p></div>',
'.content { padding: 20px; } .content h2 { color: #34495e; }',
2),
(61, 121, 'Pengantar Konsep MLOps', 'Materi pengantar konsep dasar MLOps.',
'<div class="content"><h1>Pengantar Konsep MLOps</h1><p>Lorem ipsum dolor sit amet, consectetur adipiscing elit. Integer nec odio. Praesent libero. Sed cursus ante dapibus diam.</p><ul><li>Definisi MLOps</li><li>Manfaat</li><li>Contoh sederhana</li></ul></div>',
'.content { padding: 20px; line-height: 1.6; } .content h1 { color: #2c3e50; margin-bottom: 20px; } .content ul { margin-left: 20px; } .content li { margin: 10px 0; }',
1),
(61, 121, 'Studi Kasus MLOps', 'Studi kasus penerapan MLOps.',
'<div class="content"><h2>Studi Kasus MLOps</h2><p>Lorem ipsum dolor sit amet, consectetur adipiscing elit. Aenean commodo ligula eget dolor. Aenean massa.</p><ol><li>Kasus 1 MLOps</li><li>Kasus 2 MLOps</li></ol></div>',
'.content { padding: 20px; } .content h2 { color: #34495e; } .content ol { margin: 20px 0; } .content li { margin: 10px 0; }',
2),
(61, 122, 'Pengantar Praktis MLOps', 'Materi pengantar praktik MLOps.',
'<div class="content"><h1>Pengantar Praktis MLOps</h1><p>Lorem ipsum dolor sit amet, consectetur adipiscing elit. Integer nec odio. Praesent libero. Sed cursus ante dapibus diam.</p></div>',
'.content { padding: 20px; } .content h1 { color: #2c3e50; }',
1),
(61, 122, 'Latihan Praktis MLOps', 'Latihan dan tugas praktik MLOps.',
'<div class="content"><h2>Latihan Praktis MLOps</h2><p>Lorem ipsum dolor sit amet, consectetur adipiscing elit. Aenean commodo ligula eget dolor. Aenean massa.</p></div>',
'.content { padding: 20px; } .content h2 { color: #34495e; }',
2),
(62, 123, 'Pengantar Konsep Sistem Machine Learning', 'Materi pengantar konsep dasar Sistem Machine Learning.',
'<div class="content"><h1>Pengantar Konsep Sistem Machine Learning</h1><p>Lorem ipsum dolor sit amet, consectetur adipiscing elit. Integer nec odio. Praesent libero. Sed cursus ante dapibus diam.</p><ul><li>Definisi Sistem Machine Learning</li><li>Manfaat</li><li>Contoh sederhana</li></ul></div>',
'.content { padding: 20px; line-height: 1.6; } .content h1 { color: #2c3e50; margin-bottom: 20px; } .content ul { margin-left: 20px; } .content li { margin: 10px 0; }',
1),
(62, 123, 'Studi Kasus Sistem Machine Learning', 'Studi kasus penerapan Sistem Machine Learning.',
'<div class="content"><h2>Studi Kasus Sistem Machine Learning</h2><p>Lorem ipsum dolor sit amet, consectetur adipiscing elit. Aenean commodo ligula eget dolor. Aenean massa.</p><ol><li>Kasus 1 Sistem Machine Learning</li><li>Kasus 2 Sistem Machine Learning</li></ol></div>',
'.content { padding: 20px; } .content h2 { color: #34495e; } .content ol { margin: 20px 0; } .content li { margin: 10px 0; }',
2),
(62, 124, 'Pengantar Praktis Sistem Machine Learning', 'Materi pengantar praktik Sistem Machine Learning.',
'<div class="content"><h1>Pengantar Praktis Sistem Machine Learning</h1><p>Lorem ipsum dolor sit amet, consectetur adipiscing elit. Integer nec odio. Praesent libero. Sed cursus ante dapibus diam.</p></div>',
'.content { padding: 20px; } .content h1 { color: #2c3e50; }',
1),
(62, 124, 'Latihan Praktis Sistem Machine Learning', 'Latihan dan tugas praktik Sistem Machine Learning.',
'<div class="content"><h2>Latihan Praktis Sistem Machine Learning</h2><p>Lorem ipsum dolor sit amet, consectetur adipiscing elit. Aenean commodo ligula eget dolor. Aenean massa.</p></div>',
'.content { padding: 20px; } .content h2 { color: #34495e; }',
2),
(63, 125, 'Pengantar Konsep Pemrograman Python', 'Materi pengantar konsep dasar Pemrograman Python.',
'<div class="content"><h1>Pengantar Konsep Pemrograman Python</h1><p>Lorem ipsum dolor sit amet, consectetur adipiscing elit. Integer nec odio. Praesent libero. Sed cursus ante dapibus diam.</p><ul><li>Definisi Pemrograman Python</li><li>Manfaat</li><li>Contoh sederhana</li></ul></div>',
'.content { padding: 20px; line-height: 1.6; } .content h1 { color: #2c3e50; margin-bottom: 20px; } .content ul { margin-left: 20px; } .content li { margin: 10px 0; }',
1),
(63, 125, 'Studi Kasus Pemrograman Python', 'Studi kasus penerapan Pemrograman Python.',
'<div class="content"><h2>Studi Kasus Pemrograman Python</h2><p>Lorem ipsum dolor sit amet, consectetur adipiscing elit. Aenean commodo ligula eget dolor. Aenean massa.</p><ol><li>Kasus 1 Pemrograman Python</li><li>Kasus 2 Pemrograman Python</li></ol></div>',
'.content { padding: 20px; } .content h2 { color: #34495e; } .content ol { margin: 20px 0; } .content li { margin: 10px 0; }',
2),
(63, 126, 'Pengantar Praktis Pemrograman Python', 'Materi pengantar praktik Pemrograman Python.',
'<div class="content"><h1>Pengantar Praktis Pemrograman Python</h1><p>Lorem ipsum dolor sit amet, consectetur adipiscing elit. Integer nec odio. Praesent libero. Sed cursus ante dapibus diam.</p></div>',
'.content { padding: 20px; } .content h1 { color: #2c3e50; }',
1),
(63, 126, 'Latihan Praktis Pemrograman Python', 'Latihan dan tugas praktik Pemrograman Python.',
'<div class="content"><h2>Latihan Praktis Pemrograman Python</h2><p>Lorem ipsum dolor sit amet, consectetur adipiscing elit. Aenean commodo ligula eget dolor. Aenean massa.</p></div>',
'.content { padding: 20px; } .content h2 { color: #34495e; }',
2),
(64, 127, 'Pengantar Konsep Aplikasi Flutter Fundamental', 'Materi pengantar konsep dasar Aplikasi Flutter Fundamental.',
'<div class="content"><h1>Pengantar Konsep Aplikasi Flutter Fundamental</h1><p>Lorem ipsum dolor sit amet, consectetur adipiscing elit. Integer nec odio. Praesent libero. Sed cursus ante dapibus diam.</p><ul><li>Definisi Aplikasi Flutter Fundamental</li><li>Manfaat</li><li>Contoh sederhana</li></ul></div>',
'.content { padding: 20px; line-height: 1.6; } .content h1 { color: #2c3e50; margin-bottom: 20px; } .content ul { margin-left: 20px; } .content li { margin: 10px 0; }',
1),
(64, 127, 'Studi Kasus Aplikasi Flutter Fundamental', 'Studi kasus penerapan Aplikasi Flutter Fundamental.',
'<div class="content"><h2>Studi Kasus Aplikasi Flutter Fundamental</h2><p>Lorem ipsum dolor sit amet, consectetur adipiscing elit. Aenean commodo ligula eget dolor. Aenean massa.</p><ol><li>Kasus 1 Aplikasi Flutter Fundamental</li><li>Kasus 2 Aplikasi Flutter Fundamental</li></ol></div>',
'.content { padding: 20px; } .content h2 { color: #34495e; } .content ol { margin: 20px 0; } .content li { margin: 10px 0; }',
2),
(64, 128, 'Pengantar Praktis Aplikasi Flutter Fundamental', 'Materi pengantar praktik Aplikasi Flutter Fundamental.',
'<div class="content"><h1>Pengantar Praktis Aplikasi Flutter Fundamental</h1><p>Lorem ipsum dolor sit amet, consectetur adipiscing elit. Integer nec odio. Praesent libero. Sed cursus ante dapibus diam.</p></div>',
'.content { padding: 20px; } .content h1 { color: #2c3e50; }',
1),
(64, 128, 'Latihan Praktis Aplikasi Flutter Fundamental', 'Latihan dan tugas praktik Aplikasi Flutter Fundamental.',
'<div class="content"><h2>Latihan Praktis Aplikasi Flutter Fundamental</h2><p>Lorem ipsum dolor sit amet, consectetur adipiscing elit. Aenean commodo ligula eget dolor. Aenean massa.</p></div>',
'.content { padding: 20px; } .content h2 { color: #34495e; }',
2),
(65, 129, 'Pengantar Konsep Aplikasi Flutter Pemula', 'Materi pengantar konsep dasar Aplikasi Flutter Pemula.',
'<div class="content"><h1>Pengantar Konsep Aplikasi Flutter Pemula</h1><p>Lorem ipsum dolor sit amet, consectetur adipiscing elit. Integer nec odio. Praesent libero. Sed cursus ante dapibus diam.</p><ul><li>Definisi Aplikasi Flutter Pemula</li><li>Manfaat</li><li>Contoh sederhana</li></ul></div>',
'.content { padding: 20px; line-height: 1.6; } .content h1 { color: #2c3e50; margin-bottom: 20px; } .content ul { margin-left: 20px; } .content li { margin: 10px 0; }',
1),
(65, 129, 'Studi Kasus Aplikasi Flutter Pemula', 'Studi kasus penerapan Aplikasi Flutter Pemula.',
'<div class="content"><h2>Studi Kasus Aplikasi Flutter Pemula</h2><p>Lorem ipsum dolor sit amet, consectetur adipiscing elit. Aenean commodo ligula eget dolor. Aenean massa.</p><ol><li>Kasus 1 Aplikasi Flutter Pemula</li><li>Kasus 2 Aplikasi Flutter Pemula</li></ol></div>',
'.content { padding: 20px; } .content h2 { color: #34495e; } .content ol { margin: 20px 0; } .content li { margin: 10px 0; }',
2),
(65, 130, 'Pengantar Praktis Aplikasi Flutter Pemula', 'Materi pengantar praktik Aplikasi Flutter Pemula.',
'<div class="content"><h1>Pengantar Praktis Aplikasi Flutter Pemula</h1><p>Lorem ipsum dolor sit amet, consectetur adipiscing elit. Integer nec odio. Praesent libero. Sed cursus ante dapibus diam.</p></div>',
'.content { padding: 20px; } .content h1 { color: #2c3e50; }',
1),
(65, 130, 'Latihan Praktis Aplikasi Flutter Pemula', 'Latihan dan tugas praktik Aplikasi Flutter Pemula.',
'<div class="content"><h2>Latihan Praktis Aplikasi Flutter Pemula</h2><p>Lorem ipsum dolor sit amet, consectetur adipiscing elit. Aenean commodo ligula eget dolor. Aenean massa.</p></div>',
'.content { padding: 20px; } .content h2 { color: #34495e; }',
2),
(66, 131, 'Pengantar Konsep Aplikasi Flutter Intermediate', 'Materi pengantar konsep dasar Aplikasi Flutter Intermediate.',
'<div class="content"><h1>Pengantar Konsep Aplikasi Flutter Intermediate</h1><p>Lorem ipsum dolor sit amet, consectetur adipiscing elit. Integer nec odio. Praesent libero. Sed cursus ante dapibus diam.</p><ul><li>Definisi Aplikasi Flutter Intermediate</li><li>Manfaat</li><li>Contoh sederhana</li></ul></div>',
'.content { padding: 20px; line-height: 1.6; } .content h1 { color: #2c3e50; margin-bottom: 20px; } .content ul { margin-left: 20px; } .content li { margin: 10px 0; }',
1),
(66, 131, 'Studi Kasus Aplikasi Flutter Intermediate', 'Studi kasus penerapan Aplikasi Flutter Intermediate.',
'<div class="content"><h2>Studi Kasus Aplikasi Flutter Intermediate</h2><p>Lorem ipsum dolor sit amet, consectetur adipiscing elit. Aenean commodo ligula eget dolor. Aenean massa.</p><ol><li>Kasus 1 Aplikasi Flutter Intermediate</li><li>Kasus 2 Aplikasi Flutter Intermediate</li></ol></div>',
'.content { padding: 20px; } .content h2 { color: #34495e; } .content ol { margin: 20px 0; } .content li { margin: 10px 0; }',
2),
(66, 132, 'Pengantar Praktis Aplikasi Flutter Intermediate', 'Materi pengantar praktik Aplikasi Flutter Intermediate.',
'<div class="content"><h1>Pengantar Praktis Aplikasi Flutter Intermediate</h1><p>Lorem ipsum dolor sit amet, consectetur adipiscing elit. Integer nec odio. Praesent libero. Sed cursus ante dapibus diam.</p></div>',
'.content { padding: 20px; } .content h1 { color: #2c3e50; }',
1),
(66, 132, 'Latihan Praktis Aplikasi Flutter Intermediate', 'Latihan dan tugas praktik Aplikasi Flutter Intermediate.',
'<div class="content"><h2>Latihan Praktis Aplikasi Flutter Intermediate</h2><p>Lorem ipsum dolor sit amet, consectetur adipiscing elit. Aenean commodo ligula eget dolor. Aenean massa.</p></div>',
'.content { padding: 20px; } .content h2 { color: #34495e; }',
2),
(67, 133, 'Pengantar Konsep Prinsip SOLID', 'Materi pengantar konsep dasar Prinsip SOLID.',
'<div class="content"><h1>Pengantar Konsep Prinsip SOLID</h1><p>Lorem ipsum dolor sit amet, consectetur adipiscing elit. Integer nec odio. Praesent libero. Sed cursus ante dapibus diam.</p><ul><li>Definisi Prinsip SOLID</li><li>Manfaat</li><li>Contoh sederhana</li></ul></div>',
'.content { padding: 20px; line-height: 1.6; } .content h1 { color: #2c3e50; margin-bottom: 20px; } .content ul { margin-left: 20px; } .content li { margin: 10px 0; }',
1),
(67, 133, 'Studi Kasus Prinsip SOLID', 'Studi kasus penerapan Prinsip SOLID.',
'<div class="content"><h2>Studi Kasus Prinsip SOLID</h2><p>Lorem ipsum dolor sit amet, consectetur adipiscing elit. Aenean commodo ligula eget dolor. Aenean massa.</p><ol><li>Kasus 1 Prinsip SOLID</li><li>Kasus 2 Prinsip SOLID</li></ol></div>',
'.content { padding: 20px; } .content h2 { color: #34495e; } .content ol { margin: 20px 0; } .content li { margin: 10px 0; }',
2),
(67, 134, 'Pengantar Praktis Prinsip SOLID', 'Materi pengantar praktik Prinsip SOLID.',
'<div class="content"><h1>Pengantar Praktis Prinsip SOLID</h1><p>Lorem ipsum dolor sit amet, consectetur adipiscing elit. Integer nec odio. Praesent libero. Sed cursus ante dapibus diam.</p></div>',
'.content { padding: 20px; } .content h1 { color: #2c3e50; }',
1),
(67, 134, 'Latihan Praktis Prinsip SOLID', 'Latihan dan tugas praktik Prinsip SOLID.',
'<div class="content"><h2>Latihan Praktis Prinsip SOLID</h2><p>Lorem ipsum dolor sit amet, consectetur adipiscing elit. Aenean commodo ligula eget dolor. Aenean massa.</p></div>',
'.content { padding: 20px; } .content h2 { color: #34495e; }',
2),
(68, 135, 'Pengantar Konsep Pemrograman Dart', 'Materi pengantar konsep dasar Pemrograman Dart.',
'<div class="content"><h1>Pengantar Konsep Pemrograman Dart</h1><p>Lorem ipsum dolor sit amet, consectetur adipiscing elit. Integer nec odio. Praesent libero. Sed cursus ante dapibus diam.</p><ul><li>Definisi Pemrograman Dart</li><li>Manfaat</li><li>Contoh sederhana</li></ul></div>',
'.content { padding: 20px; line-height: 1.6; } .content h1 { color: #2c3e50; margin-bottom: 20px; } .content ul { margin-left: 20px; } .content li { margin: 10px 0; }',
1),
(68, 135, 'Studi Kasus Pemrograman Dart', 'Studi kasus penerapan Pemrograman Dart.',
'<div class="content"><h2>Studi Kasus Pemrograman Dart</h2><p>Lorem ipsum dolor sit amet, consectetur adipiscing elit. Aenean commodo ligula eget dolor. Aenean massa.</p><ol><li>Kasus 1 Pemrograman Dart</li><li>Kasus 2 Pemrograman Dart</li></ol></div>',
'.content { padding: 20px; } .content h2 { color: #34495e; } .content ol { margin: 20px 0; } .content li { margin: 10px 0; }',
2),
(68, 136, 'Pengantar Praktis Pemrograman Dart', 'Materi pengantar praktik Pemrograman Dart.',
'<div class="content"><h1>Pengantar Praktis Pemrograman Dart</h1><p>Lorem ipsum dolor sit amet, consectetur adipiscing elit. Integer nec odio. Praesent libero. Sed cursus ante dapibus diam.</p></div>',
'.content { padding: 20px; } .content h1 { color: #2c3e50; }',
1),
(68, 136, 'Latihan Praktis Pemrograman Dart', 'Latihan dan tugas praktik Pemrograman Dart.',
'<div class="content"><h2>Latihan Praktis Pemrograman Dart</h2><p>Lorem ipsum dolor sit amet, consectetur adipiscing elit. Aenean commodo ligula eget dolor. Aenean massa.</p></div>',
'.content { padding: 20px; } .content h2 { color: #34495e; }',
2),
(69, 137, 'Pengantar Konsep Flutter Developer Expert', 'Materi pengantar konsep dasar Flutter Developer Expert.',
'<div class="content"><h1>Pengantar Konsep Flutter Developer Expert</h1><p>Lorem ipsum dolor sit amet, consectetur adipiscing elit. Integer nec odio. Praesent libero. Sed cursus ante dapibus diam.</p><ul><li>Definisi Flutter Developer Expert</li><li>Manfaat</li><li>Contoh sederhana</li></ul></div>',
'.content { padding: 20px; line-height: 1.6; } .content h1 { color: #2c3e50; margin-bottom: 20px; } .content ul { margin-left: 20px; } .content li { margin: 10px 0; }',
1),
(69, 137, 'Studi Kasus Flutter Developer Expert', 'Studi kasus penerapan Flutter Developer Expert.',
'<div class="content"><h2>Studi Kasus Flutter Developer Expert</h2><p>Lorem ipsum dolor sit amet, consectetur adipiscing elit. Aenean commodo ligula eget dolor. Aenean massa.</p><ol><li>Kasus 1 Flutter Developer Expert</li><li>Kasus 2 Flutter Developer Expert</li></ol></div>',
'.content { padding: 20px; } .content h2 { color: #34495e; } .content ol { margin: 20px 0; } .content li { margin: 10px 0; }',
2),
(69, 138, 'Pengantar Praktis Flutter Developer Expert', 'Materi pengantar praktik Flutter Developer Expert.',
'<div class="content"><h1>Pengantar Praktis Flutter Developer Expert</h1><p>Lorem ipsum dolor sit amet, consectetur adipiscing elit. Integer nec odio. Praesent libero. Sed cursus ante dapibus diam.</p></div>',
'.content { padding: 20px; } .content h1 { color: #2c3e50; }',
1),
(69, 138, 'Latihan Praktis Flutter Developer Expert', 'Latihan dan tugas praktik Flutter Developer Expert.',
'<div class="content"><h2>Latihan Praktis Flutter Developer Expert</h2><p>Lorem ipsum dolor sit amet, consectetur adipiscing elit. Aenean commodo ligula eget dolor. Aenean massa.</p></div>',
'.content { padding: 20px; } .content h2 { color: #34495e; }',
2),
(70, 139, 'Pengantar Konsep Dasar JavaScript', 'Materi pengantar konsep dasar Dasar JavaScript.',
'<div class="content"><h1>Pengantar Konsep Dasar JavaScript</h1><p>Lorem ipsum dolor sit amet, consectetur adipiscing elit. Integer nec odio. Praesent libero. Sed cursus ante dapibus diam.</p><ul><li>Definisi Dasar JavaScript</li><li>Manfaat</li><li>Contoh sederhana</li></ul></div>',
'.content { padding: 20px; line-height: 1.6; } .content h1 { color: #2c3e50; margin-bottom: 20px; } .content ul { margin-left: 20px; } .content li { margin: 10px 0; }',
1),
(70, 139, 'Studi Kasus Dasar JavaScript', 'Studi kasus penerapan Dasar JavaScript.',
'<div class="content"><h2>Studi Kasus Dasar JavaScript</h2><p>Lorem ipsum dolor sit amet, consectetur adipiscing elit. Aenean commodo ligula eget dolor. Aenean massa.</p><ol><li>Kasus 1 Dasar JavaScript</li><li>Kasus 2 Dasar JavaScript</li></ol></div>',
'.content { padding: 20px; } .content h2 { color: #34495e; } .content ol { margin: 20px 0; } .content li { margin: 10px 0; }',
2),
(70, 140, 'Pengantar Praktis Dasar JavaScript', 'Materi pengantar praktik Dasar JavaScript.',
'<div class="content"><h1>Pengantar Praktis Dasar JavaScript</h1><p>Lorem ipsum dolor sit amet, consectetur adipiscing elit. Integer nec odio. Praesent libero. Sed cursus ante dapibus diam.</p></div>',
'.content { padding: 20px; } .content h1 { color: #2c3e50; }',
1),
(70, 140, 'Latihan Praktis Dasar JavaScript', 'Latihan dan tugas praktik Dasar JavaScript.',
'<div class="content"><h2>Latihan Praktis Dasar JavaScript</h2><p>Lorem ipsum dolor sit amet, consectetur adipiscing elit. Aenean commodo ligula eget dolor. Aenean massa.</p></div>',
'.content { padding: 20px; } .content h2 { color: #34495e; }',
2),
(71, 141, 'Pengantar Konsep Dasar Pemrograman Web', 'Materi pengantar konsep dasar Dasar Pemrograman Web.',
'<div class="content"><h1>Pengantar Konsep Dasar Pemrograman Web</h1><p>Lorem ipsum dolor sit amet, consectetur adipiscing elit. Integer nec odio. Praesent libero. Sed cursus ante dapibus diam.</p><ul><li>Definisi Dasar Pemrograman Web</li><li>Manfaat</li><li>Contoh sederhana</li></ul></div>',
'.content { padding: 20px; line-height: 1.6; } .content h1 { color: #2c3e50; margin-bottom: 20px; } .content ul { margin-left: 20px; } .content li { margin: 10px 0; }',
1),
(71, 141, 'Studi Kasus Dasar Pemrograman Web', 'Studi kasus penerapan Dasar Pemrograman Web.',
'<div class="content"><h2>Studi Kasus Dasar Pemrograman Web</h2><p>Lorem ipsum dolor sit amet, consectetur adipiscing elit. Aenean commodo ligula eget dolor. Aenean massa.</p><ol><li>Kasus 1 Dasar Pemrograman Web</li><li>Kasus 2 Dasar Pemrograman Web</li></ol></div>',
'.content { padding: 20px; } .content h2 { color: #34495e; } .content ol { margin: 20px 0; } .content li { margin: 10px 0; }',
2),
(71, 142, 'Pengantar Praktis Dasar Pemrograman Web', 'Materi pengantar praktik Dasar Pemrograman Web.',
'<div class="content"><h1>Pengantar Praktis Dasar Pemrograman Web</h1><p>Lorem ipsum dolor sit amet, consectetur adipiscing elit. Integer nec odio. Praesent libero. Sed cursus ante dapibus diam.</p></div>',
'.content { padding: 20px; } .content h1 { color: #2c3e50; }',
1),
(71, 142, 'Latihan Praktis Dasar Pemrograman Web', 'Latihan dan tugas praktik Dasar Pemrograman Web.',
'<div class="content"><h2>Latihan Praktis Dasar Pemrograman Web</h2><p>Lorem ipsum dolor sit amet, consectetur adipiscing elit. Aenean commodo ligula eget dolor. Aenean massa.</p></div>',
'.content { padding: 20px; } .content h2 { color: #34495e; }',
2),
(72, 143, 'Pengantar Konsep Aplikasi Web React Fundamental', 'Materi pengantar konsep dasar Aplikasi Web React Fundamental.',
'<div class="content"><h1>Pengantar Konsep Aplikasi Web React Fundamental</h1><p>Lorem ipsum dolor sit amet, consectetur adipiscing elit. Integer nec odio. Praesent libero. Sed cursus ante dapibus diam.</p><ul><li>Definisi Aplikasi Web React Fundamental</li><li>Manfaat</li><li>Contoh sederhana</li></ul></div>',
'.content { padding: 20px; line-height: 1.6; } .content h1 { color: #2c3e50; margin-bottom: 20px; } .content ul { margin-left: 20px; } .content li { margin: 10px 0; }',
1),
(72, 143, 'Studi Kasus Aplikasi Web React Fundamental', 'Studi kasus penerapan Aplikasi Web React Fundamental.',
'<div class="content"><h2>Studi Kasus Aplikasi Web React Fundamental</h2><p>Lorem ipsum dolor sit amet, consectetur adipiscing elit. Aenean commodo ligula eget dolor. Aenean massa.</p><ol><li>Kasus 1 Aplikasi Web React Fundamental</li><li>Kasus 2 Aplikasi Web React Fundamental</li></ol></div>',
'.content { padding: 20px; } .content h2 { color: #34495e; } .content ol { margin: 20px 0; } .content li { margin: 10px 0; }',
2),
(72, 144, 'Pengantar Praktis Aplikasi Web React Fundamental', 'Materi pengantar praktik Aplikasi Web React Fundamental.',
'<div class="content"><h1>Pengantar Praktis Aplikasi Web React Fundamental</h1><p>Lorem ipsum dolor sit amet, consectetur adipiscing elit. Integer nec odio. Praesent libero. Sed cursus ante dapibus diam.</p></div>',
'.content { padding: 20px; } .content h1 { color: #2c3e50; }',
1),
(72, 144, 'Latihan Praktis Aplikasi Web React Fundamental', 'Latihan dan tugas praktik Aplikasi Web React Fundamental.',
'<div class="content"><h2>Latihan Praktis Aplikasi Web React Fundamental</h2><p>Lorem ipsum dolor sit amet, consectetur adipiscing elit. Aenean commodo ligula eget dolor. Aenean massa.</p></div>',
'.content { padding: 20px; } .content h2 { color: #34495e; }',
2),
(73, 145, 'Pengantar Konsep Aplikasi Web dengan React', 'Materi pengantar konsep dasar Aplikasi Web dengan React.',
'<div class="content"><h1>Pengantar Konsep Aplikasi Web dengan React</h1><p>Lorem ipsum dolor sit amet, consectetur adipiscing elit. Integer nec odio. Praesent libero. Sed cursus ante dapibus diam.</p><ul><li>Definisi Aplikasi Web dengan React</li><li>Manfaat</li><li>Contoh sederhana</li></ul></div>',
'.content { padding: 20px; line-height: 1.6; } .content h1 { color: #2c3e50; margin-bottom: 20px; } .content ul { margin-left: 20px; } .content li { margin: 10px 0; }',
1),
(73, 145, 'Studi Kasus Aplikasi Web dengan React', 'Studi kasus penerapan Aplikasi Web dengan React.',
'<div class="content"><h2>Studi Kasus Aplikasi Web dengan React</h2><p>Lorem ipsum dolor sit amet, consectetur adipiscing elit. Aenean commodo ligula eget dolor. Aenean massa.</p><ol><li>Kasus 1 Aplikasi Web dengan React</li><li>Kasus 2 Aplikasi Web dengan React</li></ol></div>',
'.content { padding: 20px; } .content h2 { color: #34495e; } .content ol { margin: 20px 0; } .content li { margin: 10px 0; }',
2),
(73, 146, 'Pengantar Praktis Aplikasi Web dengan React', 'Materi pengantar praktik Aplikasi Web dengan React.',
'<div class="content"><h1>Pengantar Praktis Aplikasi Web dengan React</h1><p>Lorem ipsum dolor sit amet, consectetur adipiscing elit. Integer nec odio. Praesent libero. Sed cursus ante dapibus diam.</p></div>',
'.content { padding: 20px; } .content h1 { color: #2c3e50; }',
1),
(73, 146, 'Latihan Praktis Aplikasi Web dengan React', 'Latihan dan tugas praktik Aplikasi Web dengan React.',
'<div class="content"><h2>Latihan Praktis Aplikasi Web dengan React</h2><p>Lorem ipsum dolor sit amet, consectetur adipiscing elit. Aenean commodo ligula eget dolor. Aenean massa.</p></div>',
'.content { padding: 20px; } .content h2 { color: #34495e; }',
2),
(74, 147, 'Pengantar Konsep Front-End Web Pemula', 'Materi pengantar konsep dasar Front-End Web Pemula.',
'<div class="content"><h1>Pengantar Konsep Front-End Web Pemula</h1><p>Lorem ipsum dolor sit amet, consectetur adipiscing elit. Integer nec odio. Praesent libero. Sed cursus ante dapibus diam.</p><ul><li>Definisi Front-End Web Pemula</li><li>Manfaat</li><li>Contoh sederhana</li></ul></div>',
'.content { padding: 20px; line-height: 1.6; } .content h1 { color: #2c3e50; margin-bottom: 20px; } .content ul { margin-left: 20px; } .content li { margin: 10px 0; }',
1),
(74, 147, 'Studi Kasus Front-End Web Pemula', 'Studi kasus penerapan Front-End Web Pemula.',
'<div class="content"><h2>Studi Kasus Front-End Web Pemula</h2><p>Lorem ipsum dolor sit amet, consectetur adipiscing elit. Aenean commodo ligula eget dolor. Aenean massa.</p><ol><li>Kasus 1 Front-End Web Pemula</li><li>Kasus 2 Front-End Web Pemula</li></ol></div>',
'.content { padding: 20px; } .content h2 { color: #34495e; } .content ol { margin: 20px 0; } .content li { margin: 10px 0; }',
2),
(74, 148, 'Pengantar Praktis Front-End Web Pemula', 'Materi pengantar praktik Front-End Web Pemula.',
'<div class="content"><h1>Pengantar Praktis Front-End Web Pemula</h1><p>Lorem ipsum dolor sit amet, consectetur adipiscing elit. Integer nec odio. Praesent libero. Sed cursus ante dapibus diam.</p></div>',
'.content { padding: 20px; } .content h1 { color: #2c3e50; }',
1),
(74, 148, 'Latihan Praktis Front-End Web Pemula', 'Latihan dan tugas praktik Front-End Web Pemula.',
'<div class="content"><h2>Latihan Praktis Front-End Web Pemula</h2><p>Lorem ipsum dolor sit amet, consectetur adipiscing elit. Aenean commodo ligula eget dolor. Aenean massa.</p></div>',
'.content { padding: 20px; } .content h2 { color: #34495e; }',
2),
(75, 149, 'Pengantar Konsep React Web Developer Expert', 'Materi pengantar konsep dasar React Web Developer Expert.',
'<div class="content"><h1>Pengantar Konsep React Web Developer Expert</h1><p>Lorem ipsum dolor sit amet, consectetur adipiscing elit. Integer nec odio. Praesent libero. Sed cursus ante dapibus diam.</p><ul><li>Definisi React Web Developer Expert</li><li>Manfaat</li><li>Contoh sederhana</li></ul></div>',
'.content { padding: 20px; line-height: 1.6; } .content h1 { color: #2c3e50; margin-bottom: 20px; } .content ul { margin-left: 20px; } .content li { margin: 10px 0; }',
1),
(75, 149, 'Studi Kasus React Web Developer Expert', 'Studi kasus penerapan React Web Developer Expert.',
'<div class="content"><h2>Studi Kasus React Web Developer Expert</h2><p>Lorem ipsum dolor sit amet, consectetur adipiscing elit. Aenean commodo ligula eget dolor. Aenean massa.</p><ol><li>Kasus 1 React Web Developer Expert</li><li>Kasus 2 React Web Developer Expert</li></ol></div>',
'.content { padding: 20px; } .content h2 { color: #34495e; } .content ol { margin: 20px 0; } .content li { margin: 10px 0; }',
2),
(75, 150, 'Pengantar Praktis React Web Developer Expert', 'Materi pengantar praktik React Web Developer Expert.',
'<div class="content"><h1>Pengantar Praktis React Web Developer Expert</h1><p>Lorem ipsum dolor sit amet, consectetur adipiscing elit. Integer nec odio. Praesent libero. Sed cursus ante dapibus diam.</p></div>',
'.content { padding: 20px; } .content h1 { color: #2c3e50; }',
1),
(75, 150, 'Latihan Praktis React Web Developer Expert', 'Latihan dan tugas praktik React Web Developer Expert.',
'<div class="content"><h2>Latihan Praktis React Web Developer Expert</h2><p>Lorem ipsum dolor sit amet, consectetur adipiscing elit. Aenean commodo ligula eget dolor. Aenean massa.</p></div>',
'.content { padding: 20px; } .content h2 { color: #34495e; }',
2);

COMMIT;
/*untuk module, chapter, dan subchapter sudah ditambahkan beserta relasinya. Progress tracking juga sudah disesuaikan dengan struktur baru ini.*/
/*!40101 SET CHARACTER_SET_CLIENT=@OLD_CHARACTER_SET_CLIENT */;
/*!40101 SET CHARACTER_SET_RESULTS=@OLD_CHARACTER_SET_RESULTS */;
/*!40101 SET COLLATION_CONNECTION=@OLD_COLLATION_CONNECTION */;